news_id,kmapIds_contributor,kmapId_commenter
31c5dc8b-b6b3-491d-968a-d7f93476fc4f,,"mesmer,rstephan"
2dcd0ad8-1900-43bf-aacc-34d93b452775,cbender,
f8aa7968-c61c-4996-be8e-84462fc02585,"chanc,dmarrone",
3abe5834-3491-4479-94e6-1d99b971552e,win,
0ca800bb-21d4-4b50-b8d8-ed350bb461a8,xubin,
19a18bee-b0c3-4ae6-bf89-0e02ecbde5f0,"meilingw,aoli1,melde,hxin","president,mvandyke"
adc367b7-656b-43e6-ad36-27a4b2b0fba3,"boguo,brusseau",president
c32c8231-3c41-4255-906e-848fa9e55326,denard,
52a73c61-aac1-4ea6-9cf7-50741765f3fa,levie,"president,kfbegay"
40fbd7b3-b145-4bcb-a3b0-43fde600fec3,"gmouneimne,cromanoski",
a9519b54-57c0-4ee4-8317-a2f19922f782,regisf,
ad530a0b-e5ee-40d2-90f2-3f87eb2b1300,amainzer,president
98d1ed75-57f9-4819-a43b-340258b314de,"jburgess,klutrick,nikolich,kellingson,geraldj,xiaosun",
dfda25ca-bf21-48a0-9362-2a3600b4ded0,bjrenquist,
c6de3990-91c7-4d08-901c-3f03c1d6be11,"xdong,baikex",
46a7ad55-ecdb-40ab-a5cc-b010613c5801,zguido,
9df8af5a-05fa-4b92-86d3-28f3c878b5f6,ladd,
1696aef7-6c6d-4f59-8b3b-0f054fa4cd4e,,president
fd90026c-c387-46e5-8f50-de0196d3606c,deymier,"president,dwhahn"
ffaecde9-da61-4c87-8644-5f67fb1e95af,"tzega,krishna,manga",
bfcfdd5c-c461-47a3-8ae6-58ad83e1fe5e,"crimmins,zguido",
60534367-223b-4325-894c-1118c97dd5bc,mmomayez,"dwhahn,mdbarton"
59500faf-2604-428b-b075-4d9e8eb218d1,amainzer,"president,ecantwell"
d02a8789-3e33-4a65-8492-4ce1747a4e7a,"ratcliff,nra,aprintz",rcn1
6e46c545-d110-45eb-a533-f0078e0193fd,"atweil,vmaizes",president
92ded788-ed2f-4a31-bd4a-301f8553ea11,vishnureddy,
334e5cb9-b00f-43f5-b71f-daaac4183dcc,"lziurys,glauria",
29cd5024-15d7-4725-b0d3-5320ea604871,evanmaclean,
56d8a644-25e1-494a-a78c-3c8950dfa019,"adiabarnes,clancyshields",
3fc6f180-f9b4-459f-8df1-5bf2dc4d0324,xubin,
b8d665d0-b2ae-418e-8f28-ccf1ebf1b35a,rduren,
100d2fff-98dc-46eb-a00b-6d835f3087dc,"zsz,zhuangquntao",
6f38f609-f972-49d1-b5cd-490a59991684,"krausee,erozo,timeifler",
c4607e5f-4cc2-4dc0-a8b5-c428ea3107f3,"vkaranik,kchief,gerba",
b770e697-4f5c-43df-8933-0e52700d8c2b,ivybanks,president
32de0bf1-2f26-47dc-a26b-b312acfbfdcf,"slbeck,bcarrapa,decelles,ducea,ekiser",president
4de02ca8-0172-4f87-874e-c2f2722fb35f,jonathanyb,
cea3996e-6310-430d-be48-333579105802,"jjbarnes,lauretta","president,echeu"
ea6ade60-db0e-427c-b86a-87845c77ab22,"ssutton,reyesv,msenseney,nantebi,ahuizarh,sbriante,davidtaylor,kmorriss,rreineke",
f2024b2c-9775-4829-b5d6-022fbe86a0f1,adurand,
57763342-66b3-4ba6-88c6-d9afd5e9683a,"ericlyons,baltrus",
79fd2526-c672-41f1-bcee-fcff747e65d1,lauretta,
67e74249-a47b-4e66-9731-6ce44eb6906e,"jcahanna,chamilton",pmoitra
49fd2c57-e89b-4801-8b12-d8da3d2f7207,dalziel,
66526073-107c-4a9f-aa5e-2771e89eecde,crosales,president
3f05d470-c555-463e-8f0c-3f510567ad93,tledbetter,
f4810463-86d0-4f06-8f4c-92f289838c3e,renglar,
94ab43db-6291-4bd7-be59-5a490668a044,esaki,liesl
b0526c6c-d36b-4e27-9d67-519ae93f31ed,"justinjh,ruslanrafikov,orafikova",
09158f78-6c69-4677-8644-3338466f499d,"crosales,dderksen",president
7e362cb2-94c0-4d00-94c3-cc9075291975,helm,
3d8acfc2-3ecf-4409-ab11-70d19f2907e1,gbesla,
9e0320ae-8fc9-4e5d-aeaa-68e45e94f4cb,xubin,
8982319f-e28b-4710-828b-c513b491cec9,"sarcher,scolina,krunz,lauretta,marston,ipepper",
fb71c652-7dc8-4974-a8f5-82471c4f91de,"lauretta,dgolish",
b0e42ee2-9042-4b5d-8d7a-6a036f082314,rduren,ecantwell
3ed8922b-c7a3-42c3-ae77-fb9a2d51692b,zarnescu,
2dc981de-e862-4a71-96a5-c59ff3572573,jschlachet,
8eaf1338-cbe1-4efe-bac6-352efb56508d,lauretta,
54c9d441-b438-4801-bada-f810b383a94a,wksmith,
1b700dce-10c6-4188-ad8f-543c65a0c91c,lauretta,
7c42ccdf-03dd-49b6-a18d-2a7e8769e628,,adiabarnes
14b1af5f-9fa8-4964-9387-c66a85d5c0c3,"pgutruf,juliemiller",
5645b0e3-82db-4214-b168-83a5ac311438,"jesselittle,sacraig,faselh,tumin,hanquist,bparent",
f0166388-248c-4e37-84a5-4de32115c806,"jjbarnes,haenecour,thompsod,conniew1,lecondon,kanchukaitis",
c5f10866-cbc2-4c84-9fe2-9001c63563fe,"liesl,lisa.rulney",president
caeb36e7-80dd-442a-bd69-2fc6a5778207,apai,
bd3c44c0-a1af-4a34-b6a9-768aa30bb9de,kanchukaitis,
960ca95a-487f-40e9-b458-e600fa3fccee,dmarrone,chanc
e2239789-b99e-4ecd-9b76-9962deb5dc4e,gregorio,president
f2175502-1840-4bbc-ac0e-6b8dca3af274,worobey,president
6a5f0cb6-7a39-455d-bdb0-847845de8348,"bmeyerson,keithb,bgranill,brb99",
9e0b2e9c-e2e4-4609-9586-5c698ac481b6,worobey,
4a523b96-43af-41c6-aa1c-c997078bbe31,"spartha1,danieljtaylor",
18bbfeeb-46a2-4d82-941c-3368564a1b37,mfoconnor,
5d239bf9-e348-45dd-a2a6-6959b2863c05,jennifercarlson,
71d53d0b-f453-4901-86fb-aedd2b1e5fad,adiabarnes,
c09fb66f-6e29-455c-84aa-93745b75972e,jekan,
73e00658-4535-4e2c-98a3-8379c6c788b5,klprudic,crimmins
dd09ed73-cb1a-4a7a-a5e5-8dda8f8ae6fd,"jburgess,kellingson,klutrick,nikolich,xiaosun,geraldj",
6474bd3d-9d91-40a4-a813-a0b9fccafff6,"susanosorio,ebutcher,mcarney,chamilton,sghong,dpietz,jrussell,kshea,mfitch",president
7c3574fb-612c-4565-8e16-ab7ccbb4955e,fgonzo,
2253b59a-af05-4ee4-9c26-711d31eff481,"vleybas,bridget,rwahl,droe",
c9d3e11a-8d52-4214-8cf5-d4adb15cfaa1,"gregbg,kirkd,mlivings",tledbetter
5b0b7e81-60a2-479d-8d0e-5a978ba6ea54,"killgore,ndailey",
d671f62b-8914-4e9a-a39f-cfcfb6af3c74,aljosephson,
a0218431-293d-41e9-b136-2b166ae9e7ae,"bwlevin,krausee",
14a8ba93-f60e-47c3-a21d-38b5ecc636d3,aacoleman,
484ffc9a-75cd-4ba7-b32c-3a578b9f4b00,koryfloyd,
310d8114-74de-4e3d-b35f-e31e8d29055f,apai,
aa46716d-1f12-4289-91d4-cac61169451b,ipepper,
b1116807-2392-4a08-a206-63709edab8e4,lauretta,
881af57c-56db-4941-8960-547e6c488a64,wiensj,
4f75e4dc-b002-4ff6-8cb8-b584aff873c2,"bryancarter,farbrook,cynthiastokes,lanehart,ashblack",
02ee6a4f-9118-40d7-b162-6fa5a4f84ae4,"jyyoon,worobey,reynolds,deeptab",
b3df2108-79c3-47a4-97eb-02143a5b8631,kanchukaitis,
c40c6efa-fadc-4b08-95cc-6e4111bead25,"mmomayez,jaeheon,gervasio",
73cbd706-652a-48f2-80f9-596a6077641f,derraiscarter,
7e393e5e-1220-4cb2-b56d-c53a7778dd1e,lauretta,
445169fa-41cf-4574-a958-6c3fef90ba15,manand,
3d5cff43-7326-44af-9bd4-16c74ddabe25,chamilton,
1ec2315c-c708-4857-be1e-787c3d8e8950,rgreen,
890fb7d3-9225-4f5b-a878-af687922415a,ccrosson,
f3af2e56-19c8-477e-b47a-9c1ad778b114,apai,
ec42e6d9-0ba6-4b8e-bae3-7303390135c6,"hamden,behroozi,douglase",
fd9b3e53-82c9-4345-9991-df2263d525e1,"lecondon,zsz,nirav",
503b4fea-553a-4a9e-84f6-b81f1c58c8e1,"kpogreba,barrette",
ec71ee33-50e6-4fdf-aa17-1a4991bf87e1,"lmolomot,jbricca",
55f1ac1e-8f5f-4794-a22a-6e7bee8d8aaa,"kfbegay,kjsc",
d703f6a1-3004-4a3d-b924-5217bd35dfba,"brianmayer,manand,helm,barnettm",
d046eca4-bac2-4615-a395-7c293a9bf994,mkuhns,
ca1f82f7-2d0f-4d23-956d-1a6104370e7d,"kgothard,fuglevan",
19d7b13e-26d3-4791-83b1-2b6429daca15,worobey,
5d904f5f-4018-42a4-b916-3468c60d0f4c,gmgarfin,
06650e88-ccbd-4c6d-90ad-9449a720d560,"kpogreba,jacobse,lfarland,pgarciafilion,kernst,klutrick",
8ad63103-7eed-4b66-8bc5-da9d71ccc0a7,"saleska,tfaily,jlc,bhurwitz,rgallery,regisf,kdlugosch,dukepauli,lmatzkin,juren,barberan,chopinsong,laurameredith,leahey",
ab83146c-4093-4611-9323-d5a9572fb3c5,"benquist,nirav",
3cf287af-a94c-474e-870f-27617f8a388c,elcorral,
aef455a8-c8e2-4d5e-abd3-82760e8a4d0a,"josorio1,abraith",
80ad8557-dd71-4288-b479-d52d509965b4,"lehmanb,gburd",
b0254a32-ba04-48ec-bc40-0c7cf46babb1,jebauman,
68ac0372-3a50-427c-bc7e-a632b3c144ad,"kfbegay,levie",
cff58dd1-2108-4e3c-9386-098c4037181c,yelle,
6ddb3a1d-ad79-409d-aae4-3afc3db45552,spaul,
fb52b519-8bc3-415c-a143-e461042171c4,mlapierre,
ceb81800-816c-4c61-a0c9-fc570ed2a548,"betul,apai",
cb5edddd-16b0-4e2d-a720-0a4c043745ba,"ssherman,tfalk",
c1028643-365b-4d31-91de-3889c4f1472c,jesst,
af3ad674-1a78-4af8-918a-6a00fbec1217,spartha1,
e5cb91d0-61d2-4c4b-b337-1c437143c9e1,mdbarton,
30e3592f-24fe-4981-9044-f0076912120f,lauretta,
7a13f7a0-15aa-4f79-a9e3-ceb2ecd5ebe3,norrande,
3508d306-9bdc-4c89-ad8f-1f6cf6a4d7ba,"damheekim,kkenski",
03e3088f-cc30-4bb3-9879-65068b990477,"worobey,davidh",
0a9e3144-cbf1-44ad-bf8f-0d5fb0fd4853,kebonine,
adfe0496-f9af-48e2-bcec-dc89b4b6e11c,lauretta,
a6848105-5734-4b02-b371-d71d66989ba7,jsweasy,
9d75f133-8054-4b64-bee2-042c464d88db,lauretta,
688268c0-2157-4169-b999-3fcb68acf038,lauretta,
f28af86a-0242-4b00-9489-396389799511,lauretta,
087fab96-4708-4838-a585-5d1e02662de9,"skyler,bsecking,jbricca,sriches",
4b79ad78-9983-421c-9d54-dec25fd80851,krausee,
127d6939-cc26-4aa1-be71-8a41c0f01591,lauretta,
e8ed5021-5795-4c9d-9262-05205aa10a0f,soniashiri,
8bd29185-308c-4d62-9432-64fcfb58e755,rduren,
32e476df-9ebe-461e-b294-78ca31294785,judith,
bf754689-498b-4a8e-b880-f62dbde832ea,"deeptab,nikolich,mddake",
dac62730-ae52-49a2-9b83-979adc5c18db,"jschwieg,valacich",
e62a5c6c-f806-47c1-bcec-933aaadcfc32,"marlafranco,cdtrejo,guada",
2d36ef99-031e-4d1b-8741-dae5631f3f47,alyssac,
7554851f-e394-4134-821b-ac22e272612f,saleska,
0a13235e-9d39-42b7-a8e7-e6fe188153fa,"deeptab,juhrlaub,nikolich",
16b7797c-cd17-4b5a-a26d-b2b75acc3a8f,keithallred,
d81af623-67df-4505-bca8-c2463b53e520,lauretta,
550983b0-ea77-430b-9ace-cd86752d6fb8,alejandromacias,
d79f19a5-8681-49b1-9039-53248b8f32a0,laurabakkensen,
65737830-3e9e-4241-b3d0-97cdd602d31b,"rkhanna,aubinmoutal,amolp",
a1213e8f-c02e-4973-ba1b-9e320512c07f,"reynolds,gerba",
5a80b413-fb32-4030-91ed-8bb22f7400ab,"kjsc,kfbegay,fatemmar",
f4cdaeb9-a69a-4e3b-86af-718e4ee7f195,"dpsaltis,fozel",
ed2b15a9-1396-4673-8696-e033eee75652,"brooksh,nikolich",
1c3621e4-5317-441c-8b24-7f049486bf2c,cjdiaz,
571c25ad-ef43-4864-8c9a-cfa75544346f,angelj,
ec0b2462-a102-4436-8366-de06225ab97c,lauretta,
3bf87df5-f87a-4776-860f-c04979b2f80b,lauretta,
29103b87-bb60-4ddb-9185-7cb3f9821072,"kbernheimer,eclopez,lisasanchez,lanehart,michelletellez",
6b089ddb-f2ba-4e96-8e8e-8d7f1143fa2d,lauretta,
897630f6-62e9-427c-a160-c483a275c133,"lclose,jrmales",
ae7df630-845d-4335-91c0-2e8a0699188f,segrin,
16b54679-f613-4b16-af73-bb52616ee3cf,mbogan,
a227278b-ba5e-402e-8233-2d3e293ef448,"mbwood,sme,mfig,fatemmar",
6e4bfe93-efa7-4581-9121-7739f0777977,"amolp,rkhanna,killgore,frankp",
1121342e-0d5f-4291-abc3-d6509a6e512b,worobey,
8f9f0825-6604-4bd1-9813-c1c733b37f2b,"trsklar,shefalimdesai",
818dc25d-9bdb-4fce-b8ca-0576e14015d9,lauretta,
5c12a6ca-2a89-49ad-8115-49fd5a8c7761,ipepper,"president,rcarmona"
c400c3bb-2fb5-4179-8671-ca0ea095f255,wehall,
8b71ac1c-6dcb-417f-b7e0-a941d829e725,buizer,ecantwell
f9c10b32-558a-4e50-b100-36566abf9e49,levie,president
e8d91bb0-48db-4d84-8720-7794776ca3c2,ipepper,"president,rcarmona,ecantwell"
6b43826c-24b9-4598-a075-dcf34c08e94a,wiensj,
70fdc26c-a589-4a9e-af61-567623d442e4,"vasic,zhuangquntao,zsz",dwhahn
976c24e3-f805-4a15-b282-b8638b84a45f,philipstoker,
6d724c4b-5dac-447d-9701-458b0911cf8c,athey,
9346be5b-391e-460e-bd8f-ac72ab91bca0,saikat,"president,janebambauer"
f2b6d7a7-33fb-41cc-a93e-a6b3c6650921,jesst,
e7805313-5f5a-4182-8e61-701c8354bf13,mchardin,
92a36517-192b-4293-8212-07e6ba31236a,joyces,"president,rcarmona"
6fddb923-61bd-48ec-8a24-2a2006e7ce8e,"vasic,saikat",dwhahn
ee5e7076-0a72-4f8a-9c7a-bdb95cef79df,betul,
8f0a42fa-5112-44fa-a0cb-7c46d0b35754,lauretta,
bcfa90f4-a3ce-40e9-b8cd-bca3b9914c16,clpearson,jull
c940711c-825f-4f0a-a71a-9bafd7ed5209,norrande,
dca65d6f-e100-486a-9482-e5990a26d332,acnelson,
172af0b8-c3b4-4c9d-8a8e-fd2fc1fe6c36,gpnabhan,
79d6fd70-b5f9-4075-a088-f58a7240bdbd,abadyaev,
f3856436-3cff-45d4-b269-03c4f1a70adf,vanderah,
b46f5887-3d7b-43d9-ace1-e6749e4987f6,pronald,
aa226c8a-6c9b-44ad-b31a-4652767911e4,,bjrenquist
923ae00a-7352-44fa-8c10-04ed7f671a74,lauretta,
d0da7b5b-f4a5-43dd-a3e8-f2d813b2902e,"klh15,achilli",
d26effb2-9120-4191-beb4-34a8a1d5fe9e,"saikat,zsz,janebambauer","president,ecantwell"
29bddf42-c63c-4611-9cbf-9ebc14f5eab0,flybrain,
ce942771-4191-468d-ba9f-dd7f31fba817,"krishna,daloy,davidh,nnp,rwitte,tseng45,sprinkjm,angelj,bjrenquist,hruby,mcai,spartha1","ecantwell,president"
9a770d28-5ae8-4996-9873-749a8df40e17,"massaro,jpidot,slepian",
0e79ac8b-551d-4323-a8e9-ae0ebaf97b9e,"fzenhaus,jgu10",president
fb3373d9-d2a3-433a-81b0-08db14b1c381,jschwieg,douglash
c9d8f024-32b3-4354-9373-162999a94f6c,krodgers,"rbrinton,president"
050dbb08-e3c7-47be-9603-9394b6e72e21,ycarrier,
37742977-9fbf-4f6f-a29b-5379486a7132,jallen,
2c7fe39b-39da-4577-88b0-b4d20514d0de,carinaj,
933c92f4-cc7e-47a1-9968-28805661b7c0,"bjoyce3,mesmer",
5cdc6b30-357c-4e01-af67-8d22454ef625,amainzer,
c071f22d-da8e-4566-bd68-d0e79bb4004b,barnettm,
189caebb-7dab-4190-9d9e-e1ea37ecb0f7,"rmaier,brusseau,mdramire,dmoreno","president,kchief,chorover"
2d8a515d-4f0d-4a26-9067-5b53853ab5ee,mdgrilli,
57dedb76-f8db-4022-9538-420c4c7f175b,nwarren,
ff444eeb-6ce6-44f4-bdf2-3c59e9aa00f2,mekevans,
b5d68cab-9f21-4c90-81f8-4553ba5e6ae7,koryfloyd,
22b0473f-3778-4032-bb94-c1eb5b22ae87,joyces,"president,rcarmona"
700b86fc-0954-4b0e-b06a-87d9906d13a9,"cimpey,soren",
67bbe481-ca04-447c-902a-e52522c173c0,"crosales,mfh","uofaad,president,spaul"
35ca4759-7099-4964-a79c-c924646df729,"jessicaretis,rguidi","celesteg,cschwalbe"
15abf3ed-089b-4f76-b577-5e583c4da6c5,"rbrinton,jeff,conniew1,martac,rvalerdi,jeffs",
9f588500-014a-4983-b386-8ef2b84dacb2,yshirley,
e9e3ac54-8dc9-4868-9c08-db5e1db4d4b4,ulotzh,hasakie
0c8abd13-66b6-4420-9be3-4c15aee5e589,lbarraza,
00e27488-0ec8-4470-90eb-42bc614b313a,lauretta,
8ac39b15-5ff1-4494-b565-715c381076a9,hilgert,barton
af840df0-f653-43d5-ba35-ee46fda942e5,"deymier,pierre,spchavar,kkiehlbaugh",
c4a4b67e-7b9d-4b4f-8886-9090057f1d49,"gburd,fetax",
0280a4dc-68b7-4665-aad9-3628c1b11127,gpivo,
3ec3157b-8940-4fbd-a868-f9580016dce9,"inomata,dtriadan",
ec4ea1c2-42f8-4ea5-84d6-8f31ce0d730c,"killgore,grandner",
fb3a0589-b317-41f0-aeed-1a84b6281750,"tteegers,sks2,44notah",
4cace566-a3ef-4991-b825-14ac6b72fc9b,lauretta,
369c47fb-133d-40cd-b438-86c56e9b35c5,"alvarezm,gpnabhan",
13ad9e2a-4d83-44be-92a4-b38c889b8e2c,"ssutton,msenseney,reyesv","president,liesl"
281b383e-dd98-4105-b47e-e218926d7778,hulme,nalvarez
c798c650-3a5b-4d67-94a0-064cb336ecba,jandrewshanna,
f307e5ff-e1fb-4da7-9b33-a75e69de5435,jjason,
e14d2872-67c9-497e-a041-b46912bc39c1,rcarmona,"president,liesl,ecantwell,mddake"
b37fdc0b-d68d-4b04-9847-ac19f78a90c3,lbarraza,"president,mddake,dderksen"
ee73c3da-44a7-46bf-adc1-923a30bfb866,"yinghuichou,ryant,szr,nkchen,edwardjbedrick,jmfisher",
ffa2a522-0896-4715-b641-5a80e3e5abe1,,"president,kwashing,liesl"
368c828e-cfbd-400d-b16e-3949a3072700,"ryant,mhay",rbrinton
ec68fa9c-467b-4286-bb60-b42d6ae3132b,"ikner,gerba",
13b1ccde-17ae-44b1-b975-e9cadbade114,"mmomayez,jruiz",president
f41af5c7-8fa5-4255-a9b6-e64b44499815,wgwang,
4807764e-0567-4181-b50b-5ae85a49132e,"bwcitera,bryancarter",
00d8b53e-84c5-4b2c-ab8f-bc2f3be2c8a1,eturner,barnettm
0cef02f1-d7a2-4303-9338-8b36cd16dd4a,kaustubh,
bee24097-f71a-4e1d-adff-111ad80ed60d,"jstreicher,langlais",
6dca03fe-6423-4c60-9947-85a5c4dde314,xubin,
7361ec86-839b-4b3b-bc32-0ec99f9ecc24,brentwhite,"president,liesl"
5a2b05d2-fa1a-46d5-99d5-5b0c429e4e84,"cbime,slepian",sweitzern
1317055a-193a-4ca1-b364-e7c7580ddb47,kralovec,president
bf370b3e-4279-40b1-9d90-6bbec6c98273,janebambauer,"didaly,jrelly,vlysenko"
c9aa421a-65c3-4fe3-a9de-e56214fc41b2,skcampos,barton
9640c34e-2d00-4316-bd47-38a66ca9f041,liverman,jpjones
e3662afd-169a-4a2e-90cf-10869962d0df,"deeptab,nikolich",mddake
aa0b94ad-88f4-4f29-855a-63dc7a13ae4f,nnp,president
7bef2ea1-eaf5-4335-a64f-f7199237f840,rduren,"jrussell,ecantwell"
2a0349cc-598d-4c16-9723-605b252f6130,"lauretta,cyd,cfellows",
1e8e7510-0eba-45c3-a44b-487c2ba190c8,,kevfitz
4c2ba293-d956-4794-b4c5-18fc1426e64e,"kernst,nirav,tecrane,msiyengar,tparikh","mddake,ecantwell"
106e5852-7665-4057-909c-37579af12d87,agaspar,grieke
ecfc4549-0931-4ca3-9c7b-f1ea39363d55,xubin,
4f02925a-56e7-4c3e-8676-085b96bdad26,"zsz,zhuangquntao",
d272fa30-1a60-4f82-841e-83763a91e6ff,"liesl,lisa.rulney",president
430b31fc-5bf7-49ed-8687-af2a6c817a05,jharwood,
d83dfa5e-7f0d-4904-b307-2d2afaef455d,"geraldj,wightman,kernst,heidibrown,kellingson,blafleur,jknepler",
f69b8223-e8be-44da-93e7-cd392a1bc5f6,"mdramire,leonafdavis",
c794f6d4-0fd8-4170-8dd0-3e176f742448,"duval,frisvold",
5d097ecc-b578-4275-b523-69551f0f5a25,"nikolich,deeptab,mddake",president
c5be0c65-e19d-4b2e-b345-dfc9a12b70d1,dpietz,
19057f99-bae6-418c-aafd-5ea6982df06a,alvarezm,
6627ab9b-e46a-4d3c-9c4a-c4f4fbce0528,worobey,
e3ec320a-d92b-4843-bf53-005a755ed1fe,"kkiehlbaugh,pajansen",
7de22c85-5c99-4545-9ecc-2f0f8d451e2f,charletp,
b081036a-389d-42ef-b817-03dd7515a1cc,aparrott,
481cf11e-eeec-4c40-a5b9-19a25c1ad35a,davidh,president
a9c6cd6d-b9c2-4604-a6fd-14e8d75c88b4,"spartha1,slepian",president
4de3b5b0-f793-46ed-b741-b501f02fcb67,,ramini
2a24319b-765c-4c7c-bf2d-e1f7c9aacffa,reynolds,
d0df82b7-aae6-4045-aa01-747f00a2c173,lmhoward,
d400716a-488b-467c-a0a4-9d54bf633520,jjbarnes,
e98ea45a-2fda-4863-a5c8-9862aacb6178,"clpearson,msalzer",pbrewer
e08adc29-213d-47a2-a420-53f278a50a91,"vmaizes,alschuler,randyh",
e6088125-899d-485a-9f46-6dff68ad7ded,kpogreba,
037434ae-a223-4a9e-9f8b-a6248356c9b2,"daloy,krishna,spartha1,armin",dwhahn
b707b3ad-01d2-4a67-a3e0-1571bab00081,,hstratton
094ee186-3c11-46a7-be62-3574724147d3,"gayatri,vkv,jlroxas",
3e7eac29-f4d0-43dc-9b8c-0f4589064b5b,mehl,
a5701851-3e5b-4793-817c-9b522fd1145a,tzuyinlai,
0cd72315-e61f-48c6-95a7-41f566cc3487,esternberg,aengineer
4f75e934-22e9-4375-8a14-bae37633f0cd,wiensj,
1857ddfe-970d-435e-b5d5-594fecebc2a7,"davidh,ryans1",ecantwell
add6aa62-60d9-4e25-a033-f82d4610b124,kpogreba,president
e7313cf7-0684-446b-b795-af929c44816e,cederburg,
a4883026-cf1d-4b94-b884-be2c10bbad0a,"thaynes,lgerald,geraldj",
04a310d3-5770-4411-995a-28b55f3b7a94,finan,"president,ecantwell"
7c2e47b7-f9fe-4b6e-afc2-fb7db342a578,"jasondewland,ymery",douglash
423d8450-d929-4822-b3f0-1668bcf68ace,"chguiterman,cbaisan,tswetnam,quadej",bmills
af2d3793-c82e-4dbe-9ba4-170ea04dea61,mohammedhassan,"president,ecantwell"
4c3e22d6-9aba-42d8-b748-b05d132e1aa0,bstory,
e7767d67-0366-4b71-af0d-34b00f23d6b1,"jkcunnin,solomont",
980bd91a-fc27-4314-baf1-078264d4a3c8,ditzler,tbose
8d04f916-37fa-44ce-b634-c3b90dd37452,"jekan,mkacira,kittfp,bmpryor,jadamsb2",
0151650d-5074-45da-ab37-502cf678bccc,mbogan,
00bbbb28-286c-4911-97d7-03974d32d1f6,flybrain,
91b70b92-e598-4a85-943a-64ad417d7e65,aliciaallen,
7ccc9704-e7e4-4ad3-aa7e-9a11580c92ab,cfbrooks,
3bb3f7d0-c52a-4bc1-999b-8044c9162b7b,macurran,
5f1f11c5-e3f0-4de3-9734-0f45b462ec90,,akoshy
97ebe6a2-89cd-4226-84e1-d5da834d8b79,jlsa,
dea1be68-0bf3-4bd0-8334-953027a0196b,asia,
a5e2a168-d008-411b-a275-2e3056f2012b,gbesla,ecantwell
578d63d1-06d2-4c6b-8852-d5d9cf4590ee,jburgess,president
08f3b97c-64bf-42e5-85c8-4e8c730c2843,,"president,ecantwell"
869cc0c2-2873-40ea-bca5-1f7772716238,"sacraig,jesselittle,faselh","jjillrogers,president"
d005a136-99d5-4a4d-99f8-ae96a013ba9b,lecondon,
06facb5d-43d8-4720-8e57-0fc0edade5a3,"ratcliff,esternberg,jrayrunyon",
05fa8cef-e175-4c59-bdd0-d49248556ba6,"jmcyr,lansey",president
43fede6c-2e6d-433e-b2c3-72dded2c9066,wiensj,
f129dd91-ff7f-41cc-af4c-6b1c03305832,mkacira,
26c289fb-6861-4a12-acad-286b7982baf7,"rkhanna,lancaste,jschwieg",douglash
af85d0a3-f1a2-4438-8efa-0d19fa96c32a,"boguo,brusseau",
4abfc917-c465-4486-a4ca-50afe6d1add6,yin,
27bbc444-8756-44f4-9aaf-cb210d23b857,"jesst,jrussell",
ff586586-884b-4628-b2f1-7d986f1e407a,pgutruf,
b9138614-9c0a-4802-8b85-7a4dc17c2dfa,lauretta,
2755317b-d670-4cc4-a095-8beeacdbdf3c,ccuriel,president
85e09dd4-90e3-477f-aa95-c274e897a581,rbuchan,
970dcf97-a729-44dd-b85b-933c0cdfdae7,benquist,
b72c8d26-03a4-4ce5-aa63-f2e6931671c5,"mcarney,tsanchez",pgonza
8238d1d7-3065-4c3e-93cd-db77bc521a1d,"mmars,ashblack",
54652cc9-42b4-4207-8ecd-5ec8d86ee014,"grieke,mrieke",
f54ed407-928d-45af-b1e9-8e5eec6903de,bwilder,
4d6c843f-c6c9-45cd-ab73-01f4dc1c4cf4,jkorch,president
abdaa8a7-a43f-474b-8539-a4a2eefa9cef,asgabriel,
f863aec2-06e3-4858-b8c7-931dbacc8017,wiensj,
61ce22f8-333e-493c-b4dc-6a8cd1b5f60a,"adarsh,kobus,eabutler,claytonm,msurdeanu,marcov",president
97950a0d-55a4-41f8-b867-68e1859f353b,killgore,
d050659d-b8c8-44fd-93c0-a3f52f870a4f,szivek,wessman
cc643541-2a3d-433d-8bea-5841affc9555,"conniew1,dmeko",
7726835b-c6f4-4eb7-965d-898fe3b1b958,"tgbeatty,cbender",
caeab546-8632-4846-b8c4-31fce22f706e,brianmayer,
c525e9b8-0c8d-4120-941d-2d88f4413567,ruichang,"rbrinton,president"
6734c8d7-12dc-4ea1-9c78-60612528ad04,jrussell,
3d1f5ea3-689e-4549-9b10-899c0917c77b,worobey,
bcf89803-714f-4dec-b85d-65c3a1be16e0,"eprather,mklotz",
66b672f2-8139-469e-a83a-dcc813f11894,"laurameredith,bhurwitz","jruiz,jadamsb2"
2bd7fb80-7680-4501-a21a-1883a4fb4e75,,koryfloyd
699777ad-8e61-40b5-be56-b3e5c27574af,lauretta,
5af8c154-732f-4da6-9c71-31efe22f88da,nikolich,president
83f6cd34-8622-427a-b44f-29ff154a540e,amainzer,"president,ecantwell"
7d3d1498-285d-4290-b214-2208707ff4a1,kgklein,giacalon
2c27aa81-7084-4167-9a09-c4f71e73dc81,lauretta,
7401e0d9-2a51-4d44-9d56-e1a872c9375e,benquist,
ab9a4032-1a0d-4d8d-9ccd-461602d1c405,"mpatton,edwins",president
0520f564-bb4d-4c2c-a1c2-03de03649a23,nhorton,
ad8e8704-8df3-4670-9ea8-84534a6a5590,flybrain,
294af3da-da81-4d3e-9f6f-13859cae0955,"carvajal,adaw,labinerd",president
9dd21ee7-c83a-44b8-8bf1-4bf4b804ea88,benquist,
3ea24211-6d62-464c-bd55-f2b487ac3824,uofaad,president
941e5be1-f5cb-4200-86f2-cc7c88e77d99,mgoode,
1bda962c-0792-4014-8399-881a789b57f6,rwitte,
98cb323f-d5eb-4b20-83e6-70db7a4cd7e6,yaojan,
92661e14-0d76-4e11-9e8f-26f4e453dfef,"kgklein,giacalon",
042cd6c3-9e45-45e0-888a-f55ed9643a08,delamere,president
4383531a-ea2c-458f-8013-8612869086d1,bwilder,jruiz
1e9b4a9d-b2e3-405b-8435-a8c490e80113,kanchukaitis,
d333625f-58fd-44ea-814a-856757c2a060,"tzega,lziurys",
b63219ff-d77e-44b7-9240-64251749e235,asgabriel,
d657ad17-adfd-477e-ad4e-191f0c80b977,"sghong,mthartley",
bae19689-76c5-4a8e-af84-e589b2861c13,rduren,
9d4532ad-9946-4ff7-a26b-1916b5af19e4,kaitlinmmurphy,
0f015a11-0cb7-4631-bdad-aae0e4107e40,"tomevans,elizabethb","ecantwell,president"
e9320fbf-6d7d-42ed-a6e2-bf1df68298f7,vbuch,
e6a28e1c-a3d3-4032-8e2e-44b7d034455c,"mdbarton,bjr","president,kemeny"
b7fe8fc1-d662-44c9-b60a-37ec2ee52ef1,bob,
bc3520e7-1d40-47ce-ae5b-00ff2b98330a,,president
21cfae93-b6d5-49f8-9a48-0441aac6dfb9,"rboz,lboz",
6a664384-7153-43cb-866b-3340ed0a7c2e,mherbst1,
b6d5275c-c216-4b52-977a-51d29604b876,"jpyun,dlichten",
6ebcf306-a6f0-4625-8694-7090ade68e59,mlesser,buelljannuzi
f9f7ade1-3956-47dc-9bc6-7deaf627dc20,"elizabethb,adhenry,mcclaran,egornish,alien","president,ecantwell"
581e7066-8b08-465a-830f-1864b8d691f9,ccwilliams,
6e8e638a-a02c-4977-a942-0194dfd51494,"katvolk,wmharris",
6c7de62d-57c6-4103-9788-9f50501101b6,msbarker,rwalls
2be0749c-1d71-4078-888c-a1d24c1ad81a,"jgu10,fzenhaus",
8c39bc94-6698-46b0-a23a-7711ba9c4136,guangyao,
b4a786f4-5cbe-4de2-aae0-81f0c1b483e8,"hariri,mpatton,bzhang,suebrown",president
1cb24e7c-b81b-469a-83e1-fb0b7e05c6e3,wmoore,
3cea3173-ba9c-411d-981c-43dfcf473d28,"ghishaw,trouard",president
cd01333a-6419-466a-ad22-ddf1f668106f,jillmwilliams,
d92f5226-5c8f-4858-af72-6229a1d7b399,"cthomson,tecrane","president,mddake"
79dc9224-ec1e-47a3-b532-de91d537a7ac,ryansullivan,
ce9e738d-4287-4eba-8ac2-52b129b63486,,president
7fe76439-1110-48c8-b029-387d482075d0,helm,
39166c77-27db-4097-badc-67fb3ed92cbb,emharvey,president
5cfc977a-f65f-4122-9cd8-7ddd74250e11,wksmith,
c766a08c-abd0-44fb-ac50-5ac1cb821a9e,,president
2686da2e-2b7f-401b-9951-2a429ada43ee,"andrewkarellas,svedantham,droe,tseng45",president
218a9631-7e29-4a6c-a2c4-bb48a494a93c,wheise,
1fcbf889-2f65-4dbc-acdd-2ad13e265183,,president
94901b85-290d-40a4-a755-39ca78ecb734,"dderksen,ronaldw,amberprice,jgaither",president
ad320c62-4f5b-498d-804a-4cd2f4ddfb72,"mlapierre,becuster",
12b6f0c4-c4fa-4f79-9f7a-b25024da88ce,"hariri,tbose,ditzler",president
79bde15c-a9f3-41fa-87ab-59be45bb54bd,hamid,president
894b5f91-9b77-4865-8cde-7580dbc779dc,"mpk,eclopez",president
9bb94eb1-749f-4527-b35a-9d34993720eb,"krodgers,rbrinton",president
0764f9d7-30c6-4a49-93c9-f4f7567d0ec9,"vmaizes,esternberg","president,dwhahn"
defbc625-3dc6-48f4-a6e4-d1e857c2bce3,"kchief,bcolombi,mkacira,ogden,ratcliff,vshirley",president
012a5287-3e5d-4e28-8202-3476f3c7b405,jesst,
687f16a2-e2ca-4a9b-8e22-328e5a8bdfd9,adekstrom,
aa45bff8-aab1-40e1-b44a-bfb9ef38a26e,"krunge,pierre,deymier",
761ce247-6934-4551-8808-8a8bfbb818e9,kamaggert,
3d4c50da-2545-4346-8e70-e83b24e5f5c8,laurameredith,jadamsb2
f0de763c-5102-4ea8-a7e2-6b8ae8c4a4c5,woosleyr,president
500d80b3-3fea-4203-9907-9e6bfbfa4684,"reginad1,kjsc,kkiehlbaugh",president
20ce101a-62cc-4c87-b229-d984f84080ca,"wbetancourt,jyyoon",
3c38a24e-4062-4349-a1f5-d598bbf1d1a5,"sbriante,ecarrero5,kmosby",
38e14d99-4496-49e3-a547-aaeea5bafcd1,,president
121435a4-e625-4887-bcb7-657a3c0c5264,tledbetter,president
f8b3639c-0306-4e43-96d4-184336636c7e,wiensj,
e49f6c53-05bc-486b-8780-fbd5318101bc,kimmehea,
0957a19f-ff08-4cfe-b14f-414555aec16b,sbao,
319a735d-f3ac-476e-8deb-ae0943dd9033,ruichang,
8b00a30f-d7dd-4dd9-bf4f-5b18588a5050,"skulasray,richterck",
de9e960c-e9e5-4efe-9ac0-75cfd73d6b8e,president,
011a0c82-657d-4ca3-b805-4b4d131fdaec,stacybutler,
d5f94c4d-19c2-427c-9805-a4e452603655,lroth,
2f567df8-03ac-4930-ae53-980c809f4311,lauretta,
a008a3e8-c924-4c7a-a8a1-2d87ec82f753,behroozi,
d4c9bf01-5d16-4852-9cc4-1cb5cae60626,president,
a088e244-8e9c-44a0-b296-9aeb9593d3d5,"apai,milster",
a5faea98-626b-46dc-ae8f-486729af50c1,president,
cf16eb2e-9bf0-405c-800e-0f89da13189d,capaldi,
9ac952ce-e93b-467e-953e-70fa0c756dc2,brucej,
ada6f6ef-2f75-40a6-abf4-6f85c3c4154e,"krausee,timeifler",
b68eb487-0624-48fc-b17a-f8aeaaf950c3,,rakhig
b2c708ea-a72f-41a2-918d-2fec44ec26aa,guyreed,
f7353756-f8ce-4f3a-a3a2-78dc6dbb1f46,"aazuniga,philipstoker",
1aca2887-84b7-4570-a687-65e2a0ed254f,"jweakly,plyons",
2df641b1-5997-414f-9ade-5a1bc4ddcad1,rshroff,
3cdf5a78-90c1-4cdc-a7ce-80dac525f011,jesst,
53cd0398-d397-47d2-ad19-771c116cde98,"douglash,rychlik,ymery,jasondewland,lsult,minkyukim,jschwieg,kkpapas,aspinwal,elcorral",
c6c1cbb9-1c97-4b19-b08b-3b82b4e274a8,stevemoore,president
94716d16-09e5-4081-b7b9-c882b1c76fda,,douglash
82b1de74-939d-4eec-8f75-6f1d8b715496,,nnp
94e2cad0-ed13-4866-a578-00c4183e40a5,douglash,
52bfa472-174e-420c-a9ae-27891653eac2,"vjbray,erich",
99fd8b02-da6a-47a0-984c-761d0468310a,macurran,
86fccc86-e093-4561-9f67-f0f8cdf14af3,"asphaug,jekan,robertof",president
e272fcc5-0a21-4f94-8d8c-68a1b6da26bd,brentwhite,
799277c8-de3f-4d40-ab7f-7ae31923cef1,"lmcarter,jwholt",
0c7fbaed-3b79-401b-bae6-1fd66f8307f2,imoore,
dbe62868-6732-4733-ab68-7cfddf997f9d,pkuo,
050f93ad-4874-4207-b29f-2188b67b2389,rbharris,
2a07f447-3906-45c5-96b6-db1a2632ea59,chamilton,
968c2c25-48de-4dcd-9a8b-41e6101e51be,tswindle,
3d318bf4-afa5-49ba-b625-6f440570974f,randaldull,president
d2f9127e-33bd-4703-a030-ce6b2dd87651,"mtmarty,kjsc",ogden
d42fdc28-21ac-46e4-96db-b7c32a56f8fd,knburke,
866d767e-7698-4ba3-8be6-78a9a19f7454,zarnescu,
f309cc5f-1f8c-4a45-9944-a47aa353221f,marlafranco,"president,romeroa"
cfaed527-0df4-4e50-86f9-b7e4cb5f407b,"zguido,crimmins",bmcmahan
de01d907-760d-4a77-8692-cfcaa5fe0a5c,haijiangcai,
7e360d0c-9e67-4143-a98a-1a445d01f26f,"jburgess,scgriffin,rustin2",president
7e4f008a-adf0-462e-88fc-4740a3b387d4,"klimanova,hellmich",
3ff52555-e3f4-4c54-b891-e91023393e1e,brentwhite,
d74b713d-a019-4a2d-a1b3-2e11ba4d9d13,lecondon,
79525ad4-33ec-4cc3-b347-32f7bf59b39c,"jjbarnes,tzega",
6c815601-397b-4413-a8fb-1081c1747dc3,"ryant,mhay,mehl",
36d40823-1800-44a3-adc1-9afc905645a0,xubin,
c3b2ae00-6362-4614-bddd-5c98b5a38cbf,"jasondenno,tbose","president,ldenno"
a6162880-5430-46e2-81a8-21611019ba4c,minkyukim,
01e1a052-bc32-4920-9d6d-8f1801e3e021,"asphaug,jcahanna",
26840af9-7476-4700-a204-96306a5e5ef7,"jimfield,chorover,rsierra,rroot",president
93d63870-8793-46fa-96f2-83af978cf6be,tosiron,
24813683-bfb3-4c6a-8444-b1d4a895b155,johnruiz,
f77f9938-d026-417c-aceb-18b969974b45,whlee,
223aafd9-2d4c-457c-8fce-96904d65f09a,"karnes,sweitzern",skipgarcia
b6d2d0c1-533e-49c4-b036-79312172794e,"liesl,ecantwell",president
c10c7670-ec45-4307-97bb-32da97a807c7,,president
2a8706af-b883-4691-9db6-c7f9a4746906,,tbose
fe2b8d50-eb2f-48c9-9399-661d5f09fc85,akielar,
fc51b64b-c2e6-4a05-8710-6dee85b0d8b6,"woosleyr,gepharts",wheise
c2ea25e7-10b0-41d3-bf5e-0aaa93b4c291,sleavitt,
c5967118-43a3-4025-94c9-51c52e21ed38,mherbst1,barton
51bc74f8-4e0b-4528-a995-311c77a15a2d,brianmayer,
1d0c4cc9-c5ab-4360-9c78-7e0fbe6d4645,mcclaran,
196217d2-82c1-445e-b16c-c4e70e173810,,president
59961726-ce2e-4eca-921a-d11559204f4c,mmars,
55ee8baf-7725-4e57-b6d7-224463583d1f,"fzenhaus,jlacombe",
c3be5b90-942b-4a65-ab5a-1833bd304032,jdmichler,
bf9d53ce-9bfe-4e7f-a818-33cdeae78ce8,liverman,
c54d45b2-4e28-4902-bf3a-e10e2a7ef739,wdiao,
e05b2adc-f55f-40be-943e-6f6a1ae1f5bf,caitlin9,
88570fa0-3d51-4eca-8bb8-ba65be33d66a,bcarrapa,
5531c34f-03ec-4a83-8cc0-7f1caa440143,haenecour,tzega
da49afac-dc87-4ab7-8ad2-79d73732db3b,caitlin9,
6d839197-55b3-461a-ac60-42fb89cabf38,,ander
33798260-41df-4007-ba63-0a70e758c9ac,"nnp,llacomb",
a5e1873b-2914-4f54-a11c-ddcd7e8f02de,goggy,
1c1da1e5-2c4c-4e04-999e-5e665c9b2f09,abadyaev,
3f26430a-7392-49d1-8488-f333855717b5,smissoum,
75cd9cfe-20c0-4347-b9f6-8c38cda97b5b,mstiner,
7f7144ed-d997-4412-8619-71ece5cb7330,,cvolk
114d082d-a5a7-4ea8-bd2c-2e2fa17516ad,ffrasche,
23a0f27a-4d40-4a80-a673-7b93ddaae375,soniashiri,jpjones
62ca2f18-3b6e-4e78-b6d6-fd3af2d4a011,,"dpsaltis,chanc"
a6ebafed-ffa5-40d4-82d5-02195b4b24b2,"mfoconnor,johnruiz",
de37592c-8090-4dc1-bf8e-2074ab4e72cd,"dpsaltis,dmarrone,chanc",fozel
1300ef3c-8900-40ac-a8db-db5bfb6164d5,dwhahn,
b77204e7-d7a9-4442-846f-ecf89e1ffb55,rbrinton,
9c205b5f-7ff8-4569-a25f-bf499cbb081c,amolp,
8f0fde73-180c-40d8-9787-387fdde686a3,,srd
cfaa42a1-afda-4c11-a270-0db98454a546,,anneb
2d812853-21d8-45db-af12-fe4fbd8c8838,tzuyinlai,
ff5587a2-0f32-403b-b4be-48f873333789,"jasondewland,ymery",
316b69bc-f724-4139-91de-9fbdc8501f3a,mdljohnson,president
9ff654b5-ab74-4adf-a128-119a67ad2c1a,eclopez,president
26f40aac-bb67-4b9b-bf01-094a0e17bbef,,bwilder
18f45cf4-6c08-4e3d-a924-979bf2312c04,president,
94997e51-dc11-4a01-9939-76e671b41c0e,"smegdal,kflessa,glennon",
025f1a43-65d5-48b5-8804-5723b9f82fdf,"rsierra,jimfield,chorover",president
7ea9b4ef-0c79-453c-83bc-d3865ce01781,"smegdal,sadhravi,rsierra,jimfield,chorover,peiwen,lansey,jianliu,mmomayez",rakhig
5832c3c2-2b2c-428a-8a05-5a824a799cf2,lauretta,
d2aeaf2b-8655-431b-83a7-574d2312dd91,"vishnureddy,cwalker,robertof,jekan",
f9a1a06f-b824-43d3-b2c8-d7d9bdc6a294,"guyreed,skaib",moynahan
873bba94-e22c-4049-998b-6b6aeaf91880,"newtonk,sunyoungyang,nsharkey,wschmidt",
d8d34333-06d2-47e1-b98c-9feec31d8d81,"tmeier,adurand",
0ea98c7a-167c-4c58-a021-9661fdb66b67,dcorso,
0bb46325-845f-4af4-a4fa-11bd33a5a4ad,sklotz,
cb831da5-8430-42fe-8794-cb4e436c5d3c,bob,
baf244af-adb9-4d76-9782-ce826b12b130,jjbarnes,
37f82f60-433a-4c9a-a351-63c25c74599d,helm,
ecfcc3f3-7824-46a8-9a72-1947553cf596,reimann,
f8071e27-c12b-46e0-b485-9783d72da0ca,trouet,
e213982a-1565-467a-b049-578c0aa75c4c,"gokhale,knox",douglash
2df07fc3-7005-467d-8ac8-7580c5822058,mjpitts,
e3929645-a526-437e-86dd-1b86f8ae3957,"krausee,timeifler",
6fa2dc89-fc0c-495f-a8a0-f92306c686c1,"duran,alvarezm,rreineke",president
76da4f7c-998f-4cb8-a511-c8c6e74ddb92,"noamchomsky,jennifercarlson,liverman",
a0e75d7d-7257-4aa8-86de-3f12a3a75155,keithallred,
288f736b-0cd4-428a-8981-5cd3b091176c,tmeier,president
4a61d2fc-5503-490a-accf-ebd5c2389e40,jpyun,ogden
57655048-49e2-425e-a554-bb2b881cb505,bryancarter,
2ee4f041-9c6d-40b9-b943-619783d60ee2,gburd,
4b2e3764-32ea-4131-bc80-7be86143cfe3,"klprudic,jcoliver",
0388e838-4671-4484-beee-d541fc4b556f,"rfleisch,jxb,heidibrown,rgallery,lmolomot,jskibsrud,venable",president
9cf363c2-8d8e-40d9-b1ad-79e6e04d0395,saleska,
6281b416-b986-45c5-a161-87d0a2fe620e,sbarra,
4bfbe166-c532-4f4a-83c6-8991077dad80,tledbetter,
cead669a-1d3d-426b-8acf-582da5457062,president,
aba18efe-c8a5-4b0a-b841-a46ba69529c2,anastasiya,
00fa7db3-a127-4d34-a6b5-a18da18ebf36,president,
214355ea-30fd-46cd-b902-297c4ced4ff5,"rbrinton,feiyin,ruichang",president
72aa2fee-f069-4ff5-8c47-564e3b20541d,acoan,
ccac7705-0e46-40cf-b0e4-9385ad43d858,rck,buelljannuzi
b60093ce-b3f9-47b2-ac5c-7bf0d4808937,charig,
9b1c8e12-626b-4afd-90e0-cb3cee2adc59,cooperma,president
bbd9a669-4bce-4100-bfd4-56d20ccbaad3,"zsz,ivan,barton,nnp,marekrom",president
850e9d58-0d3a-4e9b-9180-e1376e93078c,rjsimpson,
85519b5d-9136-4653-b73b-9c5d3a7f875b,"sbarra,johnruiz",
dd557ddb-2ca1-4608-978c-790bc8e664f6,apschulz,president
d0613045-6742-4347-85c2-4dd4bbcacc18,"davidcfrank,trouet",
e7615ef1-a969-4309-a24a-69492ea2795a,"mriggs,schaefed",
3c2bb325-0508-442a-9266-cf1430b4cab5,krunz,
a58feec1-b76c-4371-b7f6-b3b2bccab961,jisoe,douglash
d6242ea3-f6e1-4b9c-ab4e-c31983d460a6,mohammedhassan,president
3d7bee44-6aa4-472d-9d3e-bba6b8f6fb99,nkchen,president
a80940b9-2492-4ea9-a9a4-1a7e2ace3894,lauretta,
834401d2-50e4-4096-b613-64fe99d36d50,vsubbian,
a94d2913-52fe-4e1f-96d2-87ec856bd6f5,ehowell,
88aa112d-2b20-4915-8522-4e71bed56b6b,"chorover,abrell,bmpryor,gwright","rabanks,brentwhite"
540d5117-8c3e-4a65-a989-3b66caa0020a,fuglevan,"delamere,president"
be9333ee-3ee3-40d1-93a0-5f7f549c9127,mekevans,
1fbf5111-7ca3-4574-a27d-95ec5c6eb4d2,"tzega,lziurys",
0d7dad10-6068-48fe-9b67-5ee06fcb7d54,"bstea,mfh",
9a94df92-da61-4366-94d8-51b9f5f55eec,,president
9ee1bf35-3353-44ac-8fd6-d87f73cd5ac8,kflessa,
25659a1e-576f-4523-b38f-fe1b91f3476a,jrelly,
8410cb7d-3b24-473c-a1ec-1aa9d01349da,"xubin,broxtopd",
977d5ae3-4f2c-450e-8e13-2e2597623619,"tlkoch,hhb",president
8ae9ac32-305c-4abd-a5fe-3404bd852a0d,szivek,president
34a9fef8-6fe9-4f07-baba-9e17423c71ec,"faribadonovan,spherule",
cb0f0690-1c29-4182-bf9f-39ec0ad1ee1f,knburke,
aaed89e5-5315-49e4-ac28-f327ee71dd42,"ehowell,mcn1,lauretta",president
0a70c540-a6c7-42a6-b877-740285eccc7d,cromanoski,
600c3cc6-ca99-4d32-bf7b-451a865bf3c0,pascucci,
4937b8f4-e106-4cad-84c3-e85a6dff98b5,"klhead,barton,utzinger,pgutruf","president,gmitro"
a0efea25-9719-471c-9201-21edc6243d14,alyssac,
2c6849af-c005-4c36-9759-739162f105c7,dkkang,
423bec90-4d2d-417e-8372-39a92a8c6033,"lauretta,knburke",president
f8143994-1805-406d-9664-cf0228b0007e,president,
c97dad02-3e45-41b6-b4e6-a7ae5483d602,lauretta,
09ea60e7-8a5d-43b7-ae78-a9ba544646ec,"kflessa,mriehle,xubin",
9eea10a6-4676-4415-90c4-85e15fd10938,president,
26b248aa-778b-4ef2-ada8-6fde443fc851,ogden,president
b83f258d-5e76-448e-8c76-e86eae1a3917,giacomel,
a9f9b104-626f-425a-9b27-14ace2444a83,jrussell,
d5c6d740-29e5-43e1-83c6-9c93295233cf,"cthomson,tecrane,lgarland,judithg",
80badf3c-1eba-46ef-8e5a-51780bf47bc8,president,
d552cbc4-a7db-4f9a-9db9-737d01ad4869,"lauretta,adurand",
e7470e63-4ad0-45e3-a4cd-470025cea261,helm,
d5733619-e13d-4ea5-bb04-a5f975a5c24f,barton,
c4b8b577-6139-4a5b-a99e-503b0b88f5a0,lmmontgomery,
522f0fe0-f182-4211-8ec7-032d1e97e178,"philipstoker,gpivo",
cf34b247-3496-45a4-b1b5-a371c981a7f0,"vshirley,garciaj3",president
3af2d4cb-9181-4f64-a380-4f50d9f7d8fe,"pkuo,gahern,ryant",president
908f0419-a27b-48dd-93fb-da489ed3819d,wiensj,
c7b19447-ce73-4f16-9c9f-90437815cb26,president,
52936730-98e1-414e-90f5-abd975c16437,vanderah,president
e2c1da0c-7ac2-4efd-acdd-417dd56c6f5c,atang,
ced65721-5be7-4685-bf01-c6dc1d2f0615,duval,
99355d42-4414-4ad0-ad49-f8de5a7bcc97,president,
e2aaf988-9ac8-4133-bf16-1f7530cb09bf,"bryancarter,adurand,mesmer,zen08,awelter,ashblack",
10a0643b-6ece-4f59-b749-3306a27a2f2c,president,
287d29b3-2477-493a-9f37-1bd0e9a5da24,"jedgin,scowen,malt",
3bf51917-2f74-490d-9026-e8bb22de3710,"president,buizer",
a266a14b-97e8-41cc-89a4-34385070d9e1,"rkhanna,frankp,vanderah",president
8d439246-ccb3-4eed-b432-13fe99adc553,evanmaclean,
644a77c8-1d53-4576-a79f-1bf63187a24b,"anneb,warnerc,bdupuy",president
8efa94f9-61c9-4dd8-8271-27001bd99fe2,"mddake,schnell",
964913e7-e68d-4483-bec2-a836841d1c1e,peterell,
0328db43-3644-4183-bd79-658ca8384cee,jimfield,president
a6293fd7-e2f8-4664-adea-f3e49ded6fd5,bhurwitz,
71b84d44-9ecc-4f31-9c45-9f0dded9d24c,trouet,
9ddf10db-4758-4476-959a-1c8a60cab420,soren,
346c43ac-23ec-44c2-9c86-d9de5dfa0066,cohen,
56c80cc0-6e19-43b4-9c61-d9637e7537dd,liverman,
66b7c990-840e-45b0-977e-7c04521cfde2,,"president,abreckbarrett"
3e311b42-5536-4154-ba85-b5f8bde8b14f,"klprudic,jcoliver",
157cef52-2a77-4b55-9c5f-612c5283e4a0,bjrenquist,
924d20e3-fee8-44a8-abf6-a59c58dc52b9,dgurwin,"president,apschulz,dlatt"
2461aa3b-bea6-4034-84c3-e92b7b7b16eb,"armin,xubin",
dc85f8b9-ad1b-4f79-8caf-5d56cfae5f95,"fgoodrum,jeanw",barton
f813eaa6-bfb3-48a2-9744-3c891a7edd0a,"pba,nirav","president,ericlyons"
6be18808-1ae3-4354-95a2-b8d2414fb13f,shortk,"brucej,president"
11e06d0e-39b8-4381-a4a6-597dfe999f12,rwalls,
f9bac7a9-b2fa-4aab-bf2a-6075421efa92,"marco,gmouneimne",
d7ff0d77-b947-4867-904c-f53345281f1b,tbadger,president
05140f8b-0a86-4664-8cef-65bb2cbefef5,judithg,
54e90892-8cd2-424a-99d3-6fa9183d9ece,toomey,
976710cc-c6ae-4dcc-80bf-66a319fb9dec,dmarrone,
577be890-ce98-48b3-817d-fc7c251189fb,calebwarren,
793e6a32-26f7-4d6d-beea-e48fe3376c7a,"gokhale,bcolson",president
01b7e50c-ae07-467a-8195-f99edd42bbdc,jesst,
297b7df4-2585-4845-a6f7-c85b16eb92c4,jellison,"rgallery,hariri"
61d7c9ee-f6be-45b7-893e-4306b91f641b,,douglash
e0d1abd2-5a90-4152-95cb-82f8c2356090,lauretta,
86db41b7-6a7c-4dce-b417-8b88f7983589,"mdgrilli,ryant",
11995c39-3b33-4de9-89e9-d35b2905b0c4,esternberg,
776f8312-8f81-4b79-8509-1dcdb3f65bf3,,sdial
15f378ac-2dc7-4c9b-b13b-494937623e86,"clpearson,ghodgins",
46d5ee18-db0f-41b2-9b35-619a558a759d,leahfabianosmith,president
5f1c2036-64c5-45b9-af4d-3579cb9be77f,"buchholz,awelter,millero,ckwhite,alfie",
b1b98051-2e6b-4542-adf4-c2e1f1201840,president,
6424c187-b3d5-40b7-9256-95c3a0df6ab8,"mkear,mwilder,pgonza",
12708c78-2fd8-4949-80a2-e250f634f9ca,"giacalon,kgklein",
f2d8df95-b1d8-4cdf-94b7-aa264903f405,xubin,
dd3ac66b-c4e9-4398-a46b-d9d38a782761,brentwhite,president
065a2ada-1d03-4779-a3b7-9fffbff3e65a,nathansmith,
9ee85ad9-9d58-4cf2-839b-817e10161755,scolina,
3db7a7ef-4565-44d3-95ab-171a6c5f31ab,abaldwin,
8371904f-f055-4ee1-ba7b-18d604e96a62,emarkee,president
8a986f93-a9b4-45c7-8bb5-8d629905d66a,yshirley,
1f4ad759-39a4-4df0-8289-167a54cee333,stevemoore,president
b1f7fc1a-50f8-4b6f-98e6-d9e3ef340323,"mesmer,jruggill",
c0adc5eb-260e-4180-88f6-a6cf2c9813d2,lauretta,
4c8d9fc7-0492-473d-a625-9a204146415d,"ssherman,tfalk",
946f0116-f2bf-48a7-8b8a-5bd46aa2ec72,"rmaier,kchief",
3d9803a7-b060-43f7-9cb0-5c7cafd3d0b9,jburgess,president
a1816d26-ee77-4941-8c54-57ed27dd6006,"adurand,tmeier",
d3de244e-6bd2-4e88-bbba-626d9f2f7602,president,
de4b94e8-1f20-4237-8cde-0ebe8f101e3c,"mehl,eabutler,tackman,sbarra",
db825f30-b621-4533-a59f-4ed2e381f542,barton,
7f9b6e97-ad4b-40b6-bb87-0e19d5ae71b0,nikolich,
2d5d5c92-76bf-43bd-a9c7-bcddf60e47ba,"gburd,adurand,jruggill",
7afbcb89-6dc4-4659-872a-9500c02250e2,mddake,
a8a62cb4-74ee-4c17-aed9-474f2d02d75a,apschulz,president
0ef7b1fd-8b7f-4e48-b5df-7bece07ce697,spherule,
5a2fcd98-b28f-448a-af5f-dfe31978973a,"bellante,jpjones,kimmehea",going
27727adb-8181-4855-9652-cd244e4db606,"vasic,rkhanna,maykhanna,gokhale,douglash",president
af2062a8-4a65-47db-afd2-8541c0fe335c,"knox,fzenhaus,jlacombe,twang,mkala13",
633be664-5f5b-4ca8-a6df-81aaac00bfc2,"vkaranik,juanarias",
b788a1ea-eeec-4b54-bf93-80a711c3710a,xubin,
51364968-3490-4a26-9f06-8f1c767cdb6c,stecot,
d34b96f7-dbb1-4f06-ac32-d94d80fbd930,"jeisner,pascucci",
43b16dc3-919b-4d5d-ac3d-c3c72c4c30bc,"jpjones,bcfortna,talattof",
affec9b1-d965-4519-81d3-bc4ccd199af2,"killick,jruiz",
a4b7da87-4dc7-411d-9f84-6755b7486875,"sghong,kortenka",
086dfbd7-1c72-49fb-8604-0c943ff37e79,charig,
d4ab1bef-780a-44f3-9496-536d60a75d42,gbesla,
3381b1c8-a9cf-4ebe-a379-7006d5b609b8,"liverman,jesst",
e227ce01-7a37-4299-b854-a9644b2b74a8,abreckbarrett,
9715a7d9-e0d3-4f92-a8f3-7cee52a89d9c,"mcai,hruby",
f1f838c7-7f62-4903-83e9-6d7edd31aa8f,jasondenno,president
46d13db1-98f5-40ea-9a3f-06fd55599f33,"sbarra,johnruiz",
8bf9189a-b6f0-4531-bae8-c5f6bb686c5c,helm,
277fefb2-74a4-4f98-9f88-e56b38c570be,luceyc,bcjens
d29d6c71-7744-454e-ac80-170b9139dc02,"vanderah,jstreicher,tlargent,frankp",
64bbf825-e18c-4480-a757-d2741e49fe89,brianmayer,
0ee4ae76-43ce-4675-89cf-8f0b4df1c2f6,"scowen,frankp",
5eb340cb-a75b-4ac9-bdac-4abbc725f95d,milster,
32b10fc2-77ac-4b1e-89a8-b980177a5820,"marston,mosesthompson",
66242ad2-8c5e-433a-ab4f-ef8e7ed70a5c,calebwarren,
0a636538-774a-4666-a1fe-3e27b715d932,bryancarter,
4b77e1bc-5826-4ae6-9906-12090c59f505,"bhurwitz,gwatts",
5cf0768f-1715-4fcc-b1e5-bfbd39bfc231,"klprudic,ericlyons,jcoliver",
3e9f0aac-c40d-482a-9692-49d843633526,,president
7dba6e85-d834-43d3-b26d-b88a6b9f88b6,,"president,ryant"
99a1d350-a9d7-4e4c-b5e7-c7a0b00157c6,jharwood,
eee055fd-e78a-4b31-adae-87ab652b2bdb,vthollid,
6cfc986a-f41b-48db-bde4-bf3d2511b1b0,hulme,rakhig
2edf9d05-527c-457e-94ae-76b968cf35df,"jswrstad,ssk",
0df0749c-9f47-4956-a670-b76db1c88655,rprosen,
28848112-0484-4bb8-8b64-f9edb4ed6e8e,janez,
dc6e618e-5dd9-4c0c-83ad-46b31b7bb71d,"smegdal,ladd,cdomin,bmcmahan",
5f38fe43-0906-4e84-b353-f83e68a03c22,michaelbarker,
dc3b27ae-89de-4643-ac4a-e18da8dd5d39,ymery,president
2fd27284-d99a-4511-a386-165c011e469b,"jasondenno,abraith",
2d516ca1-871a-4010-937b-44fa510cfc80,eposthum,
765046dc-8918-482b-84d7-0106df3435b9,"daveb,bmills,sschwartz,daveb",president
9842ede2-3443-4dac-ada6-057cf70b9ed4,"bwilder,flesch",
06714604-46da-4926-889f-33d7f2735761,mddake,president
be7c3d08-e8e9-45bb-9799-cf92e9660ad4,akielar,
ed7ef6a3-b683-47a3-bf81-52a06af848d1,calebwarren,
928a06d4-f962-4684-97de-a5030854a3c8,"cfbrooks,janebambauer",
a8118baa-f255-4904-82d3-1679005dd22e,"rkhanna,maykhanna,gokhale",
b0c47238-d33b-4dfe-bb3c-614a1f18a451,gregbg,
67f04f0c-fc71-40c6-9482-93223fe396bc,marlafranco,president
58212e2c-25cc-4116-a453-6fe4e6dd8a2e,papaj,
255d3ca1-5f4e-43a7-afa7-67bedd85f9a8,macurran,
38ab7ce8-c9eb-4e6d-8c98-119c59657e96,"jebauman,ccuriel,mkuhns,fmoreno",
52d05515-6eb2-4e97-8426-55d64c6d2deb,farwaneh,
50580ebe-d0f8-4ba0-836b-2dc798ca991a,klaksari,
0fd8be3b-4e3e-41df-bce7-366964574bb5,bfrye,
731d472d-7a77-4d76-9467-7db82850370e,sertel,
e7a8e5ef-d648-4e5f-88ea-fc7ee03ebd7d,"wfink,esternberg",
7d83de64-1f51-4f3e-93b8-712f10367a64,"jruiz,jadamsb2",
39619c54-2533-43ad-813a-c50ee1c78188,vishnureddy,
51d4c194-2b93-40db-8558-31aa5d7ddc7d,"cuelloj,mkacira",
bcf24325-f979-4db8-a770-8bdf71a34dab,moynahan,
61cf98c2-b67d-46d9-94b6-68ff39211b0a,president,
dd020e89-8529-41b2-a7b6-215a7d9e1fe1,smegdal,
b9d52b3f-e14a-4f70-a0bf-8e3c57892b25,"douglash,cwalker,fzenhaus,vasic,rlm,vasic,mmomayez,goggy,deymier,rkhanna,maykhanna,gokhale",president
d73a3958-3560-45b6-905b-a6cbd16d026d,kanchukaitis,
46d19ad2-0888-45f6-a8f4-322f990b6d63,"klhead,acnelson",
a1b68192-e547-4f5e-868d-4291efd31485,president,
fb0f657b-4db2-4f79-992c-13759587eaae,esparks,
2eb841c9-b73e-406c-b9e5-d5a02d754406,,president
14b78e50-5b98-4eb9-aee5-14dca286d36f,"tackman,mehl",
aa939cb2-da14-43ed-afa7-45b604c855c9,millercochran,"comrie,jpjones,kll"
3d327cbe-6d3a-46bd-8a8c-f123eff7d9c3,meplummer,ulotzh
0fc50d8c-b929-43c7-b3a8-61b0d317108a,inomata,
6fe1f0f4-ad03-492e-bc8a-34af86fd8d7e,jrussell,
558de968-5ea2-46a4-ae02-b202cadadb8a,srains,
50c5c1be-629d-46dd-aec9-df6a34ef835b,dafalk,
ab6a26a1-306c-4b87-8c02-d5aa13c324d5,"chanc,fozel,dpsaltis,dmarrone",
4a11aec4-aa07-4af8-b2e9-c26f87a90c38,gleonard,
6edcb4ab-d9bc-4b08-9d7e-6981098da56f,"mvasquez,arenasa",
72f59c93-5c93-41f7-9e14-ab8c70449445,janebambauer,
9fd2820a-c6e9-452d-97fb-3d8fc4ed3eee,asgabriel,
591b2500-5728-4826-ba6f-6c3d9f56d0db,duran,
296f5706-8748-4dc7-a2ee-f99c38f377b3,sherib,
3d1f8193-15e7-42a1-b381-e38c31a92986,"robertof,vishnureddy",
4f7ada9a-128e-4eea-bc61-75c95a92a4e4,rbrinton,president
aade78b6-1599-4931-b5be-71286318b6dc,"arlieadkins,kellyv,eduardoguerrero",
bcc5f1ab-7e1e-4592-b622-32ba45a694dd,cohen,
38f0ffef-7e11-4545-adf1-0d4eeb104950,nirav,
9a7626b9-fe69-4dbe-b72e-0a0e1aaece11,vishnureddy,
313d479d-10d5-4802-87b8-a312d9c139d4,msurdeanu,
b7550e2c-8fa7-410a-be75-273b5e97d34c,asgabriel,
90160b82-d2c5-4de3-ab5a-c559a14689df,monti,
17f350d0-a6a9-46a5-ac2e-386d59d91f17,rfleisch,
f0f1032e-cea4-4339-9fb3-efca8ad72423,"plyons,dddittem",
98bf48cd-02b2-4d1e-837e-c3e7517063d1,"yin,ronaldstouffer",
7d498fda-cf58-4281-b84a-2cc45a3b160a,"kobourov,president,jruiz",
311accbf-d4ed-40a8-b493-4bfd12b6b6cf,"panferov,adurand,defazioh",
8acb5b2c-029b-49ae-8ba7-0b18839c799a,"rmaier,liverman",
63efd953-3b74-496c-95d6-59c9e5d52bcf,skoenig,
b1770895-c071-45a0-8a01-c0a0a4a3e95b,"helm,barnettm,macurran,zelieann",
9c7b3b71-afb4-4dc5-aaff-88736f95b630,"kobourov,msurdeanu,nirav,janebambauer","jruiz,president"
66eea1c3-5dfd-4ff6-8994-b5e5cf411f63,trouet,
89350fa1-481c-4554-ba32-ed20670f7f68,jpjones,president
32693380-f6c3-4240-8ea2-c183740d2b43,"ademing,mfitch,mcdonald",
4ab0b8de-3e6c-48e5-8846-35762f76ef34,amelia,
5ce7ab4a-33f1-4489-9c6c-ddb52e884362,"mmomayez,mpoulton",
4f582815-0d4b-447b-856b-ea2f414b3f98,president,
b3945626-45f0-4843-bd37-35a468e4c413,lauretta,
6eb8971e-9d4b-401c-9693-40a7eb7e0ae2,inomata,
1845224f-1025-4da3-8e8c-0b83492f533f,mugmon,
991cbd96-65ec-4377-b964-06e04237b5ae,"angelj,buelljannuzi,douglash",president
099a63fc-15d2-4e24-bf72-9ab0013d23a7,"gpnabhan,mcarney",
0afbd422-9711-4a2a-a11f-a765ecc4a791,stecot,
c3b9ef31-2e7e-4d71-b212-bd79d9486993,cschwalbe,
5cfc83de-622b-4040-acfb-473d62abfcdf,"sadhravi,paulbrierley,kcooper",
a937dee2-6900-42a1-86d5-da7ef86699bc,dmarrone,
4a893ed8-afa1-45bb-bab0-7796311d145f,"douglash,cwalker,maykhanna,rkhanna,gokhale,jcschwartz,rychlik",
ee1cecc9-af2b-4780-9a53-24234ed81c39,"msurdeanu,hahnpowell",
6922c341-4d35-43a2-96a3-82f91358d601,"rvalerdi,jory",president
acc98558-e6e1-4f43-9d43-6223b261cd37,zarnescu,
1e65ea0e-fe6c-496d-b7fb-e93b1602233f,"vishnureddy,wmharris,tswindle",
aa9f9d91-ca0b-4b61-91ff-774cf6a692fb,"thodges,sadhravi",
543ebbb4-ce02-4018-93c0-9b7f9dab89cf,"gmgarfin,dafalk",
441a65de-11b6-4d2b-a306-7d48a95e7693,president,
4ddbed6e-e8f7-4b11-a7ab-f43b454a942e,awelter,
324945f8-bdb2-41d3-8013-6463d9575982,"president,bryancarter",
a6d8a61e-388c-4c0a-8a34-bfc7cdeec0c5,"bdreifuss,alyssa1,sklotz",
767b8905-cec5-46ca-a7d7-4035ac53bcf4,"mhunter,lega",
dc92b65c-f5a2-4328-9bfe-9f3ca8214a1c,rltrosper,
7aea8594-967c-4deb-b5ba-28c63ec8808d,,president
f6f18436-d3d4-4700-bbb9-3de2d47937b1,soren,
ea6a1ec7-059c-4a53-920d-62ddc145af0a,president,
62f6ad2d-0343-4177-b7ce-983d3bf5c2c0,tmeixner,
0e57be71-1932-4bb9-99a6-474fe2181203,granzier,
f7e34068-821a-4d0a-92c5-70248ddda7de,"aida,pierre",
076994c5-7517-4a50-a85f-1d28b55405d4,wmoore,
289f371e-86e9-4b02-b04e-38be50919d8b,jennylee,panferov
1639a38c-de9d-41f2-a1c1-5a4fc1255178,"williamsimmons,lhammer,eoglesby,metteb,taoua,jrelly",
77e6e270-7673-4e33-9c49-51f9c762cf57,"duval,frisvold",
3faf243f-b4e2-4a75-8dc2-98b4c7ac4aea,tauhid,
a338cc47-b777-403d-b632-4ee1953bca17,segrin,
e7fbea08-4952-4810-aaec-6f560497400f,khuskey,
c8e0a0b4-224e-471a-93e0-8089838d95f0,gokhale,
c1c5cc33-2ca8-4b62-ba54-51b0632e923d,"lclose,angelj",president
a9bdf6f0-fc65-4ea3-84f8-e323fee166eb,"rkhanna,maykhanna,gokhale",
f6837d3d-eb0f-49fd-94ad-ee184f728d1b,masel,
21c930ad-ea0b-4a12-b832-dadea4afdcc2,stecot,
0f344543-a69c-41b7-b9bd-3538dca0cfb7,"mhay,coullb,polt",
75a46c04-fde0-4c53-aee8-1e01f77e18a0,flanza,
ef223a3b-4fed-4c47-b1cd-0252109e17fb,rschon,
0d5ea950-4abb-46b8-863f-b81b077f002f,nikolich,
9c23cafd-101a-4dce-a458-093018458f58,"cordes,masel,kumirov",
e8a9a49e-cf9c-44dc-bd6a-c9bf052d71ce,killick,
5f2a858b-f3eb-41ad-b768-a2eb25db2735,"vishnureddy,cveillet",
99f8d17d-e7ec-4654-9528-375036dfd893,jennifercarlson,
7a6b606e-3af5-4445-ba2f-d727bc7beb7f,ogden,president
d9ba7322-11bb-440b-8218-bc4cdac1cdef,dsand,
9b365bf0-add2-4c5a-9ad2-3b4cc987cb21,vgnielsen,
8ab26046-de52-46f7-a543-9fe649e88792,,kralovec
f7a6cc7d-c354-4c56-82c3-6ff919f97731,ycarrier,
c5ec13d3-5e6c-4354-885c-451d13a63944,lauretta,
7cca6c1e-82d6-40b1-ab42-98a8d942dff6,jesst,
ec836841-c87c-4a0b-b94c-32422d9782ac,grieke,
d3603c26-bd69-4f82-a441-200c26cd098c,president,
09a070fc-ee65-4e8f-b083-3d3885bcf536,evanmaclean,
a025c5e3-ad0f-4922-ad2a-1fbd393ec45f,"krwalker,dhgouge,mriehle,kernst",
bc8d2c33-d31b-4b94-9bab-e8f8a93aa9b2,bennett,
07dcff63-a50e-4adb-b9fd-0a5e1540f464,adurand,
0259cc39-768f-4092-b2c6-4031ed2ced8c,president,
496d0b8a-15ab-4c19-a684-953e366c6462,president,
6858ebc3-c862-442a-857c-f7c03b19067f,dferg,president
48b291f6-e388-4887-932c-98a7e4f0effa,"seastone,kwashing",
7135193d-332e-4e92-bfb4-6915b0fc864a,slarson,
39cbc057-c759-4011-9e5d-8c6ea65eaa5d,,"president,tlkoch"
bc12faba-f4fe-4c5c-a43a-debb7faeffa7,"jruiz,patroch,kebonine",president
c68631ef-d7c4-46dc-80ec-a1adfcd76971,"barnettm,macurran",
718cf0c3-349e-4aac-b4b2-8046a22ad4ad,"acnelson,xubin",
3a7e32cb-40d1-48e9-ab69-01e3bae62bfc,schauer,
1122a47e-718b-4cde-a4d0-7c77f7d87ed4,"defazioh,sracy,klimanova",
94695376-4e89-41e5-921f-a5125eed5aba,erich,
9887b8d2-87a1-4f53-97bd-2d4dba319d9d,"ericlyons,nirav,lega",
82bc03ac-1e74-4b15-8096-5d80300964c1,"jiangwu,awelter",
35cb90eb-7f44-48a0-b5ef-350d1df739e0,"smknight,wschmidt,nsharkey",
ee6e85f5-d2c4-4cdc-88fd-96ea57fa68dd,xubin,
950da461-29f5-48c9-ada5-7c199b7ede2f,"bwilder,jruiz,dyetman",
223cfcc0-1347-489d-ab8f-23441643145e,adhar,
fc41fd79-ed33-4169-9ea1-b952be2ad0f0,dornhaus,
8bb98da3-f405-43e9-b9bc-b3fa607afc50,"president,schnell",
75d64205-84e7-4f69-a16d-873bd51de3d8,ffrasche,
5001f7f0-a74f-419b-ab2c-40152e0c8191,vanderah,
e008f4a7-76bd-4525-afc3-bc15e21c5f7e,"hinglem,donato",
22899b1f-77ac-436d-b82a-66e43c100338,daloy,
72d3bffe-f852-4dad-b71b-7cc6bc9d5f6f,eplemons,
78316e28-1df1-4ea6-8c62-74f3d142c6b7,"sweitzern,mhay,ryant,konhilas,davidbull",
9616cf4c-1989-426d-b525-b26a6844e301,"spherule,orbachmj,lfshubit",
68f67226-aee6-492e-bb69-a288e6ffb512,"reiners,fay1,mdbarton,anhughes,jruiz",president
4dca778f-1eb7-4667-910d-3cc11d3a0832,"guada,marlafranco,vsubbian",president
e5a42f1c-7578-41b0-859d-74bc8872cdae,gilbert1,echeu
e44f97e5-4ae1-4072-8f41-973c0c753cd4,"jedgin,scowen,jandrewshanna",
477ac8e8-62cc-45de-a263-cffc4207cba7,"vmaizes,plebenso,brooksaj",
604f998c-7cec-40a1-99f9-62af3fc41af9,apai,
ffe1491a-83c2-40e1-aa9b-01aa2d8523e0,noamchomsky,jpjones
eea7017a-e9bc-4030-bba6-f42ccebbc2e9,dsand,
4bcc1be4-ad8d-48a1-af08-948708032e9b,,president
740d5eac-7e06-4ab6-bf4a-57d64873cc10,kemeny,president
5cb17d11-9160-4a1b-a52f-75e5ee562351,luisguel,
42bdc92d-2483-4912-9203-2371837ff921,nalvarez,peiwen
aa3a03b6-2976-4665-9e3a-15029de815f7,"ipepper,gerba",
3822393f-df7b-4cf8-93b1-3ca4b3cec40d,skyler,
30c8e513-c0f4-419d-90c8-7b97b3230b99,"hxin,caos",
1990975c-a7ee-468c-b50c-3c5b2d880b57,"jhzhang,goldmans,lancaste,amolp,frankp,ldbrown,hahnpowell,msurdeanu,marcov,hesseniu",
227148ff-f67e-47cb-937b-8fe395efbe2f,,akoshy
c00d04b6-c49f-40f9-9e39-c0fb0c001a17,,president
6baae2fc-e7fd-47df-ad61-303e0b072640,vishnureddy,
b7420f58-1159-4462-8e49-d2211612f20c,"sacraig,faselh,tumin",
72b1a619-e5a4-48d8-be1a-4890bc23d39c,"jillmwilliams,bmcmahan,gmgarfin",
e97d887a-56c7-4560-80ed-1bcb0cc6ba2e,ynoorani,
8efa527e-ad59-4f54-a23c-95c45983d911,"janebambauer,derekbambauer",
77547045-de42-46a2-bf3a-a266dd279371,tmeier,
6b0dd99e-57ec-4576-9a1a-2155e5cea5cb,hchang05,
0e146c37-fd56-4745-9a9e-e3296b46bbe0,nsteklis,
8c41acc5-1c4e-46f9-b159-c285a768b306,wmcclosk,
e7d3c7f9-45b4-4b64-8290-0e9678b0f673,"dfrancisco,kraftm,jledford",
a6f98f26-86bc-4420-a328-8c6b962c9fc8,tswetnam,
f7480231-9133-494a-a6b6-570835a07f66,"mfitch,adurand",
06970238-3f98-449c-b74f-a6f39018b774,bsingletary,
fc72146a-3283-45c2-aee9-4ef2afe1dc81,keithswisher,
cac73004-bfbc-41a6-ba4d-85e5db87af18,atang,
c2689721-66bf-419d-a3e9-0197bd5ac14b,jbianchi,
b72d912f-1d3b-4c43-a37b-15cb483db70f,xubin,
5e4fcc2e-a494-453e-aa2e-4cb2f46dc9d0,"son,jianliu",
63b6ecf8-42be-438d-b67f-b59aadffe744,nrance,
535a8c61-a4d5-43fc-b2d3-bc65740db239,"vishnureddy,lauretta",
a7ae58f3-fa7a-4961-89b3-048763970c87,papaj,
ea5e1bde-59b8-4fb8-b0a1-1c7fa82161ae,cjfarrar,
2a7f03e7-d171-4839-b5ea-4decda2b16bd,newtonk,
87dd1122-3ee5-44c6-b127-4f42ad611c72,mdljohnson,
17783e47-cd77-41ec-b344-9fb0276af3c7,"reimann,oschilke",
ae12a56b-629a-4729-8c84-532d49988f1e,grandner,
225213ad-ab14-4d2c-ae89-3a9a9fe31cb0,katvolk,
c30c1d83-11d8-43c3-98da-4586afb372db,"luisguel,beezley,banister,staciew,jenkinsj,lgorman",
28a6cdfb-cc13-46b4-8f4b-fcb7f224922e,seden,
948d0db0-23f9-418d-a8fe-c8635ddb9633,jrelly,
4e0bdbe3-ff36-4f01-9c7e-ca0708b7cfb7,"president,comrie",
e0c8fb27-7904-4e99-aeeb-4cffda1898b2,baker,
150d32b8-7afc-428f-a6d2-3f09e89bd579,president,
9ab9f836-74e9-4b37-b92f-9afad3fbd9a7,mehl,
88000c2a-cd93-4a80-97a3-4d2164a3e12b,"lauretta,vishnureddy",
fd11c3ab-de0b-4bff-9157-b2cdb4ce0503,hasakie,
57f173e1-0bbc-4b8a-a1e9-cdb0db328662,chadberman,
ba6fd0b3-16f2-474b-bf9c-08cd0944a3d6,"bfrye,cherkis,shortk",
3788eb17-53a1-41a0-83d7-b67dafdc7ee5,yadegari,
42f94cad-4d92-4ecc-8559-e1a2f388a426,"utzinger,pajansen",
5e7a4959-b9cd-4000-b818-8dae39b3b9b9,"jennylee,spchavar,ronmarx,nura",
d4c06f12-7bf7-4ed3-91c0-65de70012e5c,president,
6ab42e6d-bfe8-427a-8884-d9f170dd5c15,"mckisson,wschmidt,cuillier",
174528b4-f0cd-4465-9521-7c3348b80ed2,brianmayer,
6b53f7dc-6a94-4e30-9fdd-a7bb23f3f823,"mlbrown,droberto,jtn,arsanchez,niamhw",
b292cf65-afc0-47e7-8542-b7bfc9fd67c6,bellante,
23504618-86ae-452f-8285-93920e9a41b8,celesteg,
3d156191-2af6-4b23-8d16-a4862224bf19,tzega,
aebe4e97-bd63-4369-b123-877d68759cd2,beezley,"jpjones,luisguel"
dbe0a60d-a8f6-4890-86e1-c62463e557f9,"zarnescu,maykhanna,gokhale",
6b06f227-5138-400a-8899-d3130dcca10a,saleska,
83b3637b-f4de-49ec-a69c-031bf50e5a67,jharwood,
c08a5d67-2099-4fb6-bdb8-cadd92426a16,"deymier,pierre,krunge",
039aafc0-7404-4269-92b7-fee551b9235a,vishnureddy,
984d0f8e-c929-4f01-bf51-ab311ccade3f,meadow,
3f231fea-46a9-443c-8113-c2f49d025861,soren,
ed81f4d5-d601-4a28-be48-52d50f821ef0,philipstoker,
25c166af-1223-4358-8d85-ac4e80ae6ace,toomey,
d4b4f320-2f95-4998-8953-8530e6210efd,,carnie
5d394cf0-0bdb-478c-ac7d-9881e541ad43,lauretta,president
1da6fd45-ca1b-4604-8745-90522feb6415,rkhanna,
c2483b2e-1d81-4966-8ea6-babd4a1188c7,mfoconnor,
e65c99ba-0934-4ca8-a136-bdc4c0d8a2fc,gerba,
49ef29a6-41a7-414e-9ef7-762cdc2c03d0,"sbarra,jallen,mehl",
54e7a5b6-0948-4dc5-8e40-1e84f4aeca60,,comrie
52b81942-b9b8-4435-aa53-ab818b9a673d,betsygreene,
de293752-1320-4b45-aaa9-5e641f5c9aae,ksu,
d103feb6-a71b-4a52-97c7-66b239ebeec9,,"duran,hharley"
e1f79a2d-f369-4d70-b605-547d4da7eb71,lopezg3,"liverman,emcmahon"
ca07591b-78aa-4d80-a71a-3ae5451d03ca,guyreed,president
81ab0877-0a05-49a9-aabe-111563a5bbfa,masel,
9c46d20e-401e-4e21-aa94-d91ef1c3c0cf,"jeff,swolf22",
f25934f2-63ce-4546-88db-17f807edd6f1,"msalzer,ghodgins,pbrewer,skuhn",
308fdbd8-3cfa-483c-b607-6bd21e62c82b,laurabakkensen,
83532e91-1996-430b-85a0-242bc353f459,theresam,
9467d682-dffa-41f7-bcc4-df0491732982,jillmwilliams,
698327f4-8e1d-45f5-a92e-64a621b80ded,"sreel,mmarian",
c117869e-1e0e-4a5d-b079-155b0110aaaf,"ofelia,bcolombi,avf",
30b1e9c6-e5e6-4850-be7e-09378ab37d45,mmomayez,
14cc0673-d6ca-45d5-9c6f-ae81cd3c869c,dfz,
8977ccbf-fff7-4a54-8b9e-c4c734e6d874,gregbg,
a7ade697-fc47-4df8-bb3c-51e23afb3272,juliac,
33db5332-95f6-47f9-beff-53f97469e335,"toomey,mwalsh",
625f8113-d649-4a06-8aa7-538f24ce0d44,dafalk,
c5d04609-c9d5-42e7-81f2-30dc81edbb81,"crimmins,jlweiss",
4bc4ea80-db39-4127-ac26-001abfd1a355,"kconrad,ssutton",
b6a12f94-9b64-4670-96a8-da82a5f8f28e,gruyle,
5537b25b-6d0e-457a-b1cc-2ccfacc21e86,,president
40a5104a-1c7f-444e-a548-f430cce52a4d,dddittem,
f774689a-bd6a-4188-b7f5-a41e19d7cf39,ulotzh,
7ca04d6c-ce88-424d-9f55-fdf403447fa1,cstand,
dfb0f8f9-466b-4b0b-9369-fd4fa4eb7d48,siemens,
bfd2c4cc-4e7a-4ff1-9784-14e7aba9194b,yelle,
856a4b37-95ac-4349-85cf-0ff92b34b712,"jenkinsj,fatzinge",
f29db286-1605-42bf-8bfe-dac58e03bf80,newtonk,
c1a37440-406b-401a-8790-dbab37c1dcc0,cwalker,
4cc16fb3-2f87-4df7-9a9e-5bfbb8e7f6ab,"jenniferearl,massaro",
3c2df101-6ac8-40bd-9b24-0aaf6e1a38da,derekbambauer,
178358f5-159c-4ea9-9084-84e514e0ab6a,killgore,
874dddd8-2ec2-4751-8705-2192cf5572b7,rdowns,
94e2f50a-732b-4ad4-8ebc-0ce15872890a,"mklotz,luceyc,selisker",medovoi
a7a1d6e9-6ad8-4821-9b4c-8b0336ffdb70,"milward,klar",jpjones
1c3e804c-51b6-46df-85ef-d5b31f4972fb,luceyc,
cb51e24e-3cef-4291-a2f8-63578ea3a3d3,bcfortna,
276ccff8-8819-4819-8093-277c45afe93e,,tmeier
cca4e6ec-8b01-49ce-9161-a5aaa40407a4,cuillier,
eac2033c-db2e-4811-ae8e-60322423088b,monicaschmidt,
334cec7e-722c-45dd-bcdc-12d7df27216a,"aazuniga,smarsh",
594c2fd9-aa1c-490b-a176-fa603b28c87d,ander,"selisker,johnmelillo"
0d40856d-bdc4-498d-8dc7-e99c9e0f1908,grantmc,
02af74c4-088a-46c1-954d-3a00d6ac2cfc,fgoodrum,
0f4f84eb-b5a4-41b9-b742-f6c38177a062,jenrothg,
5e16d8ef-9457-4d7c-afcd-1920c0f598e5,"rkhanna,vanderah",
039ff7d4-1d3b-4434-8a0e-ccaaedde7027,statenm,
294cc7c5-85ad-4961-ada3-3ee43a448343,kanchukaitis,
f93aab2e-d0fa-47f3-883b-3549c0866056,lansey,
9e8318f3-a97e-4817-b50e-a06686ea4d17,"mfitch,jrelly",
637657f3-a620-4192-ab72-9a9871ad7e47,evanmaclean,
2225f2fa-aee3-4e25-9b0d-b4004c02f4c8,uofaad,
d980812b-920b-4cfc-86ba-8e63a8448f41,goggy,
28e11308-a3d3-43ed-a5e0-0c41448d13dc,jhzhang,
b0721997-b215-40e2-ad37-b2255e936dfb,bryancarter,
054a3981-465f-4eba-9afa-225b8dfd1011,wksmith,
a5bf8df1-a9e2-4975-a39b-a67c889ddb82,papaj,
40deead2-cced-498b-9353-8bc846b34ba9,stecot,
711d2f30-26f1-4ec0-8cbe-78dec413ccd9,"agerlak,aazuniga,lwyman,lopezg3",
d2514b0f-e300-4482-b691-5a2f7f46989e,bcfortna,soniashiri
7d57da96-de79-43b2-9fa3-2b1c27e401cd,macurran,
77b11337-80c8-4002-86ff-ed0081c68996,"abraith,fghosn",
82bced09-988a-4dc3-9cbb-e37578760877,lauretta,
b3367d9c-3cf3-4626-8715-edf370e686ca,lbrandimarte,
f2bafee2-9f17-4f77-9a59-6de7c0453391,"rkutob,cthomson,sbarra",
7336f9f8-c57e-4774-a83f-ba29be6d42ac,"calebwarren,ackerley,shessell",
89c8378d-fa15-4d70-82a2-4c4a6aa5adbb,mclainj,
48d575d8-e161-448e-a6cb-56e69c93e619,"vasic,anitab",
0a092528-5b66-4c5f-8081-2539c56d9237,chamilton,
b6f6d32e-d62d-42af-8ffc-ead357b2a3ef,"cwalker,daloy,vgnielsen,muscat,maykhanna,rkhanna,gokhale,marekrom",
c5c16a11-d25f-4e28-b143-954b4a7c077b,shoopmac,
7e278c20-bf51-465e-a653-05713bfcc9bb,bob,
7a911bf8-90f4-4d2a-8ed9-710b30a82549,ebarnes,
911108bc-b137-43d3-a9d8-7d13d83fbded,toomey,
01c78f85-dc56-46a8-8c24-a51a25242316,ebarnes,
72a97514-8bf0-45d0-a999-0aba0fac0194,"pgonza,ofelia",
51cd8b4c-d975-436c-9ed7-ae1de1987529,"inomata,dtriadan",
3d8d0b50-59d5-4d11-b6b5-f4af9ab148cd,"mtmarty,jqcheng,lmcguire,johnschaibley",
51316cf5-dbaa-4dfd-96ab-a40394a27130,buelljannuzi,
a3febd42-75e0-455e-96f9-ba2c7ed5b9b2,lansey,
f369225d-4269-4f49-ad04-6ff7fa865bec,grandner,
246e914d-47b3-42b1-89bb-104d53756b93,sstevens,
132f22a6-5cdd-402c-94ca-f8979a5937f3,"jimfield,rsierra",
6b056a6e-ad74-4d43-aeb4-4b579e9b68a9,wiensj,
a1c6fe04-da6c-4473-8562-377b676183de,"jpjones,kkseat",
ecd17622-a9a6-440c-b40c-fbcde474879d,"breiger,echeu,nighorn,tes,cthomson",
e0cb912b-e70a-40a6-ac36-0e8141504dda,jruiz,
12f3e5e9-5def-4c57-96b5-62ca85ccc030,shortk,
a54713ce-7373-44e9-a049-1fbb9fb311f7,kralovec,
1968e4f5-4809-468e-a32f-c95bf58723c0,skyler,
3bc68215-494f-4475-805a-cab947d29126,"sstevens,klhead",
84c6c935-714b-4dd3-931b-90bc942c10b5,"umedak,frisvold,duval",
83000d9c-cc0e-4818-a518-9fa58c18b8cc,armin,
ce8d3536-f63d-49e6-97b9-6deb1d0a9158,"nnp,tlkoch",
046b1e9a-2f03-4489-a395-12caf79ef10d,"mdramire,mclainj,abrell,rroot",
86522050-d0b2-453e-9e81-a461f866a8dd,"dferg,meadow,crimmins",
83da25c2-c94f-4491-970a-5c6528197634,"mesmer,jruggill",
434f5fbd-ab11-4f45-ab03-8e45667e75f1,trouard,
dd58b6b6-159f-4715-874d-62671f6751ce,nsteklis,
b75c8463-4d0c-4dff-870c-31338f97122d,lauretta,
9f80bd30-69bc-4543-8a62-fb46888bcfed,jallen,
3a066ee6-ad6a-4f63-9bdc-97952dbc7d60,zanger,
5df6ff66-202a-499b-8fb9-d84f3bd3ed2e,ghammond,
febe0523-04a5-4a12-b4bd-e90566e5d4bf,pkiela,skipgarcia
f359ad34-8b81-4306-b308-93f594e7a3b1,"mperfect,chinc,silva",
03eb5d20-7c03-49eb-886d-5e5d2343a7a7,jburgess,silva
ca5884ee-40c0-4ae7-aa06-ca92d9a84534,"acnelson,klhead,arlieadkins,chiu",
724aa14b-fc89-4a3c-83ea-436013d6077f,"mcjudith,bethm,taoua",jpjones
7f067da9-1d40-482a-871f-b0088e71ee04,slepian,
bcb0a506-4744-430f-aee0-995e735e14b0,klhead,
1c81a541-422b-4b39-a0f2-0f51601e85d0,trentp,
35d444c1-de50-4afc-acf6-223f7299afd8,calebwarren,
abc992dd-f43c-4870-8cc1-28c41a8f051f,vishnureddy,
ae1ff804-db75-426f-a443-85301ec649ce,ackerley,
ba75ff5b-a268-426b-aef0-8f71fe08586e,elaineromero,
fa75fb89-ce21-4002-b134-e4dfe4cf3dea,mjpitts,
87f3faa1-17b0-4943-8e43-59ca88adedae,"kfbegay,lopezg3",
1cd98ccf-10e7-43e1-ab36-23e649c5cc06,"noamchomsky,marvinw",jpjones
73c0287a-c68c-405f-be87-802e8ba8dfb9,"celesteg,reyesv,mfeeney",
a6abc6dd-4d3b-4747-a169-7ecff1d33d76,,nighorn
eff04669-2c94-43b7-a0e5-cafb72194daf,"kevfitz,gehlers",
1d2340b3-8ce0-43a2-bc3f-8c0fbb08a3a3,"milward,mhay,kemerson",
6bc1d27c-5b97-4d7f-969d-576ddad097b6,trouet,
c2a28927-1eef-4de6-a190-7a9ff0beec9b,alfie,
da5179f7-a257-497e-8350-412dc0ae588c,worobey,
13e24298-9cd6-46dc-a37e-d31524d0bc5e,"norrande,albert",
84bc9f67-f83f-4f7d-abe8-db2fbb4ef636,norrande,
d94ea7b3-0f35-4b60-968a-646743543540,spherule,
1abad2c1-1ad9-43d4-9d46-afe548fef1fe,scrane,
b8ea221a-9902-4e2c-b50d-86b8b5a653d9,"kamaggert,naellis",
ee89ad8f-76b6-44c9-8b40-3af46eb3c4f6,johnschaibley,
6b721e64-8d37-4f77-8ada-a35678f92418,"goldmans,jwatson1",
821c3a56-17bc-4848-ac8e-214d82758bd7,jeff,
3df4de1d-84fc-4222-93a2-ecb86c5cfa37,jpjones,
6fdb6be7-0c6e-40f5-89d1-7f4ef2dc9deb,"buntzman,spherule,lfshubit,orbachmj",
7fadda57-06c8-4aa2-89d9-a52450f3dc7c,worobey,
c4396e70-6349-4570-9680-ddd0a5d7229e,rakhig,
c49e07e9-589d-4b61-b959-f4443915ecf1,katvolk,
131c9ec4-3572-4439-af28-e9d29f552cf9,vishnureddy,
b600a302-3b15-4219-b8c7-3ca6e157430c,skipgarcia,
3953b485-86d9-4d14-b52c-108e324419df,"bwilder,jruiz",
8ee4114d-5ba0-44db-948a-324b1abed91d,watsonjt,
f90e3f43-c398-4ad2-b85b-1a36c3401c3e,pgoes,
99d4d03f-aca4-4cc8-8aa4-3fd5f7868e34,kflessa,
67145743-568a-4f19-b695-ca602276cd86,mspalter,
822fe0d0-9b63-4afa-8e8c-a3c07d9bd0fb,"millero,cjfarrar,ggwillia,gregbg",
c9ce10d1-8bff-4ce0-8cd8-3b95f3b0ea96,"ihakim,dbeyda",
de314968-b273-49f3-bb4d-f562f0143e48,tedkraus,
5d08036c-b9e8-4d89-bbc8-51208851bf8e,berigans,
c0cef579-6d08-4745-baaf-d21b41fcf507,"jeribenhorin,pearthre,slbeck",
f90c7518-88aa-4fac-a3a6-1083a3f79197,sbarra,
89c15a60-8c26-45a0-89d2-f7eb6e07940e,taf,
be6f63e5-4670-4c63-b6d4-4248e865cfb2,kflessa,
059c76c9-4c28-4b9c-afc8-cf01727cc0ea,"cuillier,segrin,lbrandimarte,janebambauer,jenniferearl,milward",
2c00dbd4-ed90-43a2-92df-9f983c48d53a,currim,
997738b2-4aaa-4029-9ae1-a0463e6d58b5,"buntzman,kraftm",mfh
a244b17a-e752-4f0f-90b2-bb990868bb9c,barton,
815e802e-fdc0-47e1-bef9-ad20848d6582,zeidersk,
3548a2ab-7d3a-426a-a3b9-a8fcd01cb0a9,laurabakkensen,
61f454a5-22a9-4b6a-9c9c-777b6b388e9f,saleska,
a4219dab-0a33-47db-aa15-ed660ff57a8e,ahouse,
0e1b6d0e-28d6-4bf2-a704-ab2c83ae1766,jedgin,
a18e404f-77cd-41a4-a28c-20cc30f689c5,klar,
c1adfdba-7599-474c-b409-5fcb11d40fb5,"spchavar,ksiderelis,leeuw",
30702951-8e2a-439f-a55e-2afd059d101e,wiensj,
a655f724-ce7f-4ca0-b0b4-0d05510925de,"jimfield,kflessa",
55627f48-3523-4eab-b718-d3c8ad1e2dcc,lauretta,
a6d6d80f-6f8e-4620-96e0-4410c4994099,"buntzman,kraftm,akoglu",
2cdf289b-92ca-4987-afa8-68f58ed1a2be,"kernst,nirav",
52859f19-e419-4d7e-8355-d383334dd83d,"liverman,cokinos,emcmahon,macoe",cokinos
8d3d7beb-13bc-490b-80f7-5638a83b04c5,asgabriel,
71c96e1e-a412-4657-9cef-4e6941b9bf65,,milbauer
6c0de72b-c6fc-4d9d-8ffd-0c78e7a17563,mcclaran,gregbg
297770ee-7a95-4566-8ffd-6fbae6ad6a59,goggy,
fa210d2c-989e-4cce-a4b2-a4f5f353c504,toomey,
6534fc9f-0775-42d2-96de-cc03b01f6eef,sklotz,
7a072c5a-b057-4399-bf86-8e8d9e15eff2,"jallen,ghishaw,trouard",
3504b66e-839a-47e3-8d97-4a9f915f2abe,"rwalls,robertof,vishnureddy,epearce",
2d02a662-586b-460c-bd52-6e76c792bc9b,"tronstad,tteegers,uschuch",rahr
7b090cd5-6e7b-4e35-b755-43896eff99c8,wehall,
ec1ddcff-de9c-41d9-a2bb-6345f50c3b16,"kemeny,vtenorio",
e8b9cd63-7549-4cd1-8e31-6fa89b97c64a,,liverman
ed822841-567e-4bd6-9ceb-281d1b28e960,lauretta,tswindle
3bde4bab-9c4e-4585-8511-f7f1e1b6dc5b,lauretta,tswindle
d85bc452-bbee-416f-93f7-11bbecce4853,lauretta,tswindle
9d3e5e4f-6f07-4cbc-b71d-4633eaac56c2,"smknight,mckisson",
54897dca-ca08-4b71-9d6f-71b7d7193997,"robertof,lauretta",
428891a0-8ada-417c-8580-6ce51b7ceac9,lauretta,
25870200-5def-4b4f-baed-a857e0405b70,mperfect,
26e53bb6-8cb8-4c14-9a8f-16c032f80894,"dpstark,mrieke",
3b13b692-9c9b-4da9-bae9-5a7f008e94ef,nra,
e54c868e-b6e3-4fd2-b4b7-f4f518173cd8,massaro,
557a46ca-ee55-4792-9700-44353232ca95,nathansmith,
3e2586e8-2647-44cc-b1f7-61446ac7f9ca,"jhunter2,gburd,jpollard",
347269d1-0999-4521-a110-a134d3770153,"eplemons,eplemons",
9a877030-6881-4955-9f87-d9b7b799d3b2,mcn1,
49fee50d-94c6-4fd2-915b-55728607ee55,cschwalbe,
a01cee84-7377-4cc4-8744-2bb0677f21f2,lauretta,
c9f1e5d4-fc97-46da-9aa3-312587a45289,ramses,
65fdc17b-0a68-42ac-a82a-6c4156b5ae3b,"trouet,sbelmecheri",
ac06e75b-c79b-4a89-9ceb-0a7bc374934b,rahr,
8139c989-38ab-463d-97e5-45846cee3c72,yin,
e1e2bdd6-8a9d-4136-8f5b-312caeacafb0,"deymier,hxin",
0a758f22-d32d-4aa7-8fb7-17c913db8452,scrane,
29c7bf9c-fc69-46e2-bc01-1a8452a9d305,angelj,
1f33ff69-2983-4abb-9742-df228cd7b898,"kraftm,skipgarcia,jledford",
04d940ee-973f-479d-96c4-e1d302f87f12,"mperfect,brandyabrown,ronmarx,sghong",
8a7e07ef-2ee0-4791-b15a-841974ec2fd6,blowers,
56e340c2-a949-4670-94d0-aeee51eb54a0,"milward,sdovi",
f259b464-6a8e-48ea-b5de-6022020bec63,cohen,
83a3e141-f05b-4afd-976c-e7ba89b0a746,"donata,fdmartin,rmaier,jneilson,jledford,vadimp",
f18dff50-2ba7-4e4d-b900-7b7680c66afc,"nalvarez,rbjeffer",son
f537936e-841b-4ae2-9bf4-f80c3b5d3ad1,"dcarr23,akrumt,bright,gerba",
54a39239-8886-4f5b-a064-5fad675e2d49,sbarra,
350675a5-62bd-4b6f-98a8-b5a3959c176a,"gervasio,peiwen,leslieg1,mcai,mheien",
e981e818-07d4-43e3-bc2e-6384d7c24e97,selisker,
9a88a791-aef9-457a-a394-716a580b2419,,skipgarcia
3764ec39-1d78-43d9-a9f5-6cf6521215bb,jjillrogers,
1c4d964a-7231-4ed5-81aa-9d9183f0a1df,"eeggers,jjewett,wgwang",
45734868-6d05-4043-9fe4-0233e9ce2f30,jfunk,
b0d32f6c-80a9-45b6-80f2-bbf2b00b5802,"ratcliff,pembertn",
00ec4f92-3929-4e3d-b083-b63c6d5217b3,lauretta,
30b67e03-b0e1-49a4-917f-54dbf680f7c6,benquist,trouet
cbdf2263-9e96-4a38-b7f0-8be64f3ddb3e,schnell,skipgarcia
1712b955-0f59-43ad-ba55-267164a86e97,bsilver,
c12bb41e-c3c5-4069-8b97-71a7db899c48,"klar,yotam",
6457ad51-3bae-4c8a-9fdf-ca62c0e484a9,"skipgarcia,cress",knox
3625399c-52fb-47d1-b17e-b9f7f8ad2941,benquist,
7c37a386-edfd-4bfe-8183-8cacf06ca0f2,vgnielsen,
5dc5f1bc-9c16-4da9-a606-0a0b1f346f11,cuillier,
76ba1f69-2b20-4966-b3a6-e5eefc33e506,jruggill,
3f711cc6-6162-4a25-afd0-9b951f97d6dc,troutmans,
f4b611a8-7a34-461f-991f-bee7791b9184,"mwilder,rvarady,aazuniga,smegdal",
bdf44c30-7142-4ba5-9370-a7c0238297a8,apai,
036f6aae-08c2-423a-ac95-1e730098e668,xubin,
34665373-12fb-4d6b-8a4f-0751fceba490,"fgoodrum,joyces",
c929f7a9-3004-4f0f-899e-737e90df35d3,mheien,
2ee16df0-4d78-46d3-a0dc-806710a6f31b,saleska,
451afa9f-8be6-4431-89ab-f9be43651439,"jrelly,cschwalbe",
1a516503-8326-4fb2-bd3f-7a0320a78646,"jburgess,rbharris,mkor",
186d5a2d-fc08-4a53-af84-d4a75ea59a15,lauretta,
974ea23d-5282-4a53-9730-f8dde833604e,"dderksen,petersjs",
63cf44ed-c3c0-4186-868f-2bba96b0d3ca,cjfarrar,
09e87a7e-9357-4be4-9b28-2c33a7602e8e,schumake,
38c88646-dd16-4f29-8c53-3925dc9780a4,kevfitz,
218be0dc-60fb-4d79-af90-85b679144c4c,papaj,
73975c91-f823-4501-9e53-bc400e319101,mapeters,
4a11fc52-b0a6-4a97-b9bb-968b5cb5ccbb,"abraith,jburgess,lhudson,segrin",
44850e97-c731-43fa-9016-265acbf6c68a,aversace,
532dcf6e-0ce1-4496-8f6e-4c89e143ae96,hyang,
68680a5a-5158-4f4d-9902-3e13b8123474,"gerken,dcorso,shortk",
59e67f47-60ef-43d3-bcd6-25841216f347,jrussell,
2c2a40b8-b9ec-4c8f-b7f7-4bdd7e35eda5,monti,
340747e0-488b-4966-a120-e840c51f6095,fzenhaus,
48e9ada0-a4b1-43a6-9180-5a0e2c94f83e,artmathgirl,carnie
81de97a2-5cb8-4716-b565-ba1fc325ca97,"dpsaltis,fozel",
eae87241-7f89-4363-93c5-9ff401680fa9,"ncabrera,jennylee",mairwin
e2472e35-027a-4bed-a077-304898e92cac,barton,
b1a10936-5005-4143-95a7-2b4742d5ada4,kernst,
8a943f8d-1cf0-450f-a3d5-48019b5768a7,alvarezm,
9475485d-7ac2-4a8e-a0db-754d91fe671e,tsteptoe,
b75f5ac8-a592-40c7-8227-1d83ab5d2253,erich,
65931451-8a37-4b79-8170-ea0192fc15cb,dglicken,
5be91c3a-3783-4112-bc82-a45cdc38801b,lauretta,
ab9be832-e0e6-461c-8857-8550cc7f6ec5,"rbvance,eplante",
185a3772-b262-455f-8cc5-fe5e54cf9401,"hhb,caucci,douglash",
a1ecdf5a-45d8-4143-be1f-57b25672fc87,skyler,
b57d2a16-295d-4eaa-a5b4-94a39aae7632,"betsygreene,awright134",
38c3009c-ef74-4cb8-99ad-c21c9762536c,"klhead,sstevens,jburgess",
ebe9750f-5794-4924-bde5-409b0ae78665,"goldmans,lancaste,jjewett,jedgin,mcai,rts",douglash
fd978184-3fa4-4d4d-9ca2-b9d3716ce2c2,,marthaw
0d918171-0509-438a-b74b-e7297180d42c,swanberg,
ca75129a-91f1-496d-b556-af45b20844e3,macoe,"kebonine,liverman"
427f226a-8bca-4ab6-88de-372cef572f02,"fdmartin,wjmorgan",skipgarcia
0023c93c-7148-47f3-904a-e5d1c4229fa5,lauretta,
9e57e9bd-7caa-4d7f-b669-37b7b0141ffb,arabyan,
72de8d4a-21e7-4981-96d8-dad9b8f6b09d,haiquan,
6c855aba-a512-4583-91f8-2153bbf1a14a,jlp,
0ae4da4d-a047-4a44-a49a-bc0378cfc64b,nadel,"mapeters,ryant"
b6277197-9ebd-4fa0-995e-ce8694ae3d85,mckee,
f0fb3202-a6f9-4759-92fe-7b640677b950,"gervasio,bibiana",
c1ee898c-a033-4b2a-ae71-23767dd8ee1e,mckisson,
b0c81361-dc05-4b80-9afd-3fe12b8eaf2f,mcai,
e4443dd0-9f72-4d8e-b060-ddbfec8697e4,buchholz,
cf207cf1-cdaa-4471-8d22-1a0ab69a4c93,"kchief,pbeamer,marston,daustin",
d7129eb8-a264-4175-9f2d-8f83a6320e2b,pgordon,
1886d092-3fc8-4ebb-bcc4-ab1de68a372b,"carnie,echeu,comrie",
36e3c6cf-a11f-49e9-9b76-96d7da865617,jdpellet,
fb811e4e-d201-4d16-9b14-d32b1883f869,fozel,
59cd516d-a6c7-41c3-9bd5-ba7b7892a411,"grhoades,comrie,pbeamer,ncabrera,nalvarez",
8904eded-2672-41ce-8ca2-5a95efaeb0b1,lmadhavan,
2938de27-427c-4b68-84bd-3ff52cd6aff1,vgnielsen,
61b8e72e-7bd6-483a-99e4-7df3344b5cca,"glennon,gmgarfin,conniew1",
5035e611-9f7c-48e9-aad0-aa4ff4a216fa,"cimpey,jruiz",
0c875af2-812a-4181-b8ef-214c462e15ff,skipgarcia,
5cfb778f-d2a7-4761-9a06-fb959b997361,"breiger,echeu,nighorn,tes,cthomson",
19d0ab44-aec1-40b2-b11b-d909982556d0,"kralovec,jshockey,kebonine",
c61faa3b-f627-4722-ab7c-8c7a737eb694,klhead,
867c7958-025d-4022-ae68-3f12bb4c8036,alvarezm,
39e18cdc-97d5-4501-b6b0-4f99de3e7172,bethm,
749f8626-5d80-4948-99b4-02af402f6d63,"cwaite,ronmarx",
26218d1a-dfb1-43d9-bc1c-0e7853ff0d80,"klhead,vkligon",
a6a5b2e8-7c30-47d1-89a1-8fbf69048680,nadel,
d6608068-a80d-40dc-9b63-88226cb6c6b2,"gerba,sadhravi",
dead19ad-f03f-4187-9878-7b1656d78a6a,papaj,
92f679a7-e623-4c56-9428-c5cb4dcd3acd,"hinglem,rkutob,droe,nirav,going",
0680e565-c6c9-493c-a853-2d1988e1f69f,"noamchomsky,carnie,karimi,ndailey",
f7fffc7f-d61c-4e6a-b925-63f4c17173eb,bruceburgess,
c6c76316-ef30-4ab4-b557-9f405b78936d,"leslieg1,dtray",
b9466b7d-1d17-406f-ad81-46daf4b95ce7,"liaupsin,raul",
adfb7837-95d1-4989-bc8c-c7743cb62198,,crosales
d2622769-02e3-4ec6-86f0-f970842b6d70,talattof,jpjones
3d4c13da-c69b-46c1-b36c-7810a1c37d33,,"vsiwik,moynahan"
c7aca91c-1b3b-4f89-9fb0-6903a11547f5,millerr,strumble
fb24ceb3-15dd-4599-ba07-6ff9a5e32e87,"collberg,proebsting",
a8117fce-2e2f-4ffe-837c-021529f3adc0,"aclassen,nirav",ramini
e951b857-6c27-463d-a14b-157e04a96fa9,jacobsk,
1716b00f-40a4-4a1b-a8b1-5c761dad6b0a,tkmoreno,
8ff6449f-82fe-4b33-be60-40bf59cad3fb,conniew1,
58a48541-1fe3-43cf-9aa1-69e3d93c69ed,kbernheimer,
dae65e19-cdba-4262-aaf2-38a8ea2c824b,brentg,
5a9d9c1b-0a0f-47b3-8fc8-987a73d5f4f7,selisker,
571064e6-1534-4894-a4ca-62e274e55667,trouet,
1e631949-281d-4e14-b453-0c2d4f90d437,"kanchukaitis,rtouchan,dmeko",
5028c3a1-5998-4c97-a92a-210c45d06e23,,"mlbrown,elcorral,hoit"
c00ab059-6a90-4c50-8ab1-b35f268dc735,gervasio,
f9deee34-8e18-4fd4-ad96-25e174be4122,"rsierra,shadman",
72adad3f-451f-4cdc-99da-db11be781276,macurran,
b3177ba2-2fb0-4092-99b1-cca4ba549a2d,,jory
5355d688-ccca-45d2-bb76-3535284b3c3c,skipgarcia,"fdmartin,kraftm"
edceaadc-08bc-41c3-ba66-7fad6ee258a9,gehlers,
53c77bd2-8489-44cc-8faa-42f4071406d5,,skipgarcia
12ae41dd-a9c7-448d-b304-5de316bcee0b,saleska,
cfcf2911-f7ae-4849-8a60-7f2c26d0620c,pholt,
af397f45-11ab-46ef-a6e7-7ef04798266a,peiwen,
4219cbf8-d82c-48c9-809b-0ee2e5af179e,"maxwellk,blowers,fghosn,eprather,hasakie,csoltero,bryancarter,aurorec,cholik,reginad1,dtray,rltrosper,kzim",
afa98d17-7714-479c-bc24-e453d3a27474,"sanderm,fetax",tquist
f7193ad8-c766-4b43-95ab-94f719b8b80e,lauretta,
9aaa0c34-d2b6-4d7f-a90a-87fed010b54f,"cfbrooks,heidorn",
fe14a8a6-ed19-44ed-8105-512bb32893c4,tmeixner,
de743eda-4f19-4f98-87de-979997f2de14,apai,
4f35d3a7-0bdb-4d13-b8a1-dd1e82875409,nwarner,
f6221e36-fa6d-49d6-bd05-1b0053748b21,"shortk,ronmarx",
3b9a51f1-9a3c-4453-91c8-aa6fe0b56828,skipgarcia,
a1e6a6f9-7a34-4344-a6c4-45649609c3f9,mriehle,
dba53eb5-db9a-4ebe-8ff7-4fed52a52b2e,"brentg,jmaerz,mlbrown",
6ad26c34-e779-4263-9d02-8fe859e69030,comrie,
2a027a69-b765-429d-bddc-6346f910f804,elaineromero,
31d58328-24ab-4940-ab07-2fee1de4b279,"jkcunnin,solomont,myram",
e471ed63-e986-4213-97a6-4af96dd5e732,jpjones,
7702e568-9ba0-4026-8bb9-842769a93e59,mlbrown,
fd2d4248-e652-4fb7-b682-006f30e0343d,dderksen,
d492bff5-a433-437b-91d5-cd4a45f0468e,rvalerdi,
0f408e15-b345-46b9-b136-40da9cb118a4,"buechler,alvarezm",
311afb00-23ae-49eb-88ac-2bcaf8d5eff4,albert,
ab5828c3-3a83-48be-b8d3-b9c696d06370,klar,
7cd2f687-c07e-427e-97bc-c7e1c7472a3e,jbricca,
073bf28d-bbed-4fec-b0e8-81f1139815a2,bmpryor,
8cb703d2-d520-48dc-95d3-d67fb593f013,"adurand,wildnerb,comrie",
e867cef2-11d2-44ca-8aba-ff0102959bd0,ewilkening1,
b8cba4c2-7d89-4053-a500-924e2beda7ed,"duran,orhon,troutmans,maliaca,alvarezm,mesmer",
1c5aa66c-d28d-4b0e-a011-266db32033cd,"klhead,jpjones",
3938861b-ff6f-43f8-98d6-743a29826bed,"jrussell,jruiz,jpollard,eprather,elfring,liverman",
e7c6c314-879e-4eee-9530-4ff2e4d1d33a,"jmaerz,comrie,plyons,brentg,jpjones,mlbrown",
b98787d4-7c84-42aa-b5c5-74b2049c595b,"mfoconnor,sbarra",
f64f60d3-8069-4008-a399-ff7dcd5dc4af,"pba,tlkoch",
1a618ccc-8d67-47a3-9499-3880d0549c1b,broschak,
69b79a6c-a07d-4f60-9db6-4f5ef4266c25,williamsimmons,duran
d084b84f-d32c-4066-aff3-bc9359480b06,brentwhite,comrie
65a7b475-f8f8-4243-8667-9c6f8ed59c85,"fdmartin,donata,snyders2",
ee73bb84-765b-4105-8196-526a393a3e9d,"pba,ericlyons,nirav",
e518527c-89ba-4982-9f26-42f516bf0943,lauretta,
ee1d1d67-ef53-4e8f-9971-e57f7bb64117,"bmcmahan,crimmins",
e351028b-a5a0-4f5e-a991-740a4837a37d,"jledford,kraftm",
e3273fc4-d03e-4f45-ba4f-bdff4b083b07,lauretta,
2dae3200-66fd-4817-bc52-586b0d13b9ff,lauretta,
4a3bc2f8-41e4-4f63-8330-b8cc1d2aef8d,"rwitte,scowen,mweinand,tfalk",
eacc067e-8bbd-44d4-8a4b-bdba9129e844,gleonard,
3a334909-2459-4422-8b00-a1d60d07b2c3,gpnabhan,jpjones
37d0ae6e-ba84-40c1-87e1-efce8dc8752b,,"jschatzb,jslaught"
5957beb8-e31b-413c-b728-f94e34ba396f,robertof,
9a7e0381-6aec-46c8-b498-15ffccd9647c,ghammond,
a7400ff1-a6f4-485c-8e8c-c3849e07608b,nalvarez,
e89e61e9-3420-41ab-bd93-0db20643fd8d,nalvarez,
1cefa3a8-cc39-4c16-970b-0a9697f3ee62,wfink,
ff37125b-f01b-4797-a7e1-0c6a4b3e4ccc,"jfunk,twwpace",
bdcb09c6-994b-482b-bb79-956fd1598259,chguiterman,
1dbb37ca-4fd4-438f-8567-a27f27d164f6,"soniashiri,anneb",
10aedef2-ee8b-4cae-b46d-542d91a2b5a9,tquist,
357c0141-f998-4b99-80c5-fc78eb4cf103,,"kfbegay,jpjones"
16533d12-ce7e-4965-b8db-b659c6b2a2a9,reimann,
922ce1c0-f5aa-4299-b1f6-356c15a66625,msbarker,
3f2c574a-6961-4fae-8c52-cc3eeeaf481b,liverman,
d9ac6f9b-cffd-4136-b84e-ef656d08f910,jjewett,
55a693b3-7153-46f1-869f-4a8cf5ad4149,dlichten,
1dfdf13d-1582-4361-8ad2-84c17faee997,bwbryson,
394ca1f1-1e43-47e9-8a2f-72ac3477ca51,"grandner,asgabriel",
77be3f8e-8ee6-4a48-9f2e-21cda969248e,"vicente,comrie,jpollard",
65f427f6-15e2-4872-b303-23a261469162,"lclose,jeisner",
fdb8eb07-908b-45f3-abf7-64ec2db17233,millero,
b519a3e8-5bee-41a2-8e7c-e1ae9f4827b6,"angelj,buelljannuzi,tlkoch",
67d2499d-cbda-4802-8efe-a45d8e907899,giacomel,
057cebeb-a636-4c41-ae26-4ead152a4049,"mkuhns,nikolich",
adcbe196-6dcf-4aad-999b-26dc80a3a5e1,mbdenton,
9765eb07-bb90-4f1a-8264-d30d07169e49,mckee,
effbdb23-6ecc-45f5-85ea-1bda3cb82d45,"marekrom,barton",ranton
67f0c8f6-0426-4b2f-a566-8f3952e7b9c6,helm,
7c0aa84b-acca-41ce-b82f-24a5290ec282,flybrain,
46db513f-9398-4928-86fd-069d2d854763,"kjsc,spchavar,fetax",
7164450b-1fe6-4d51-83ec-74be99c5c419,lziurys,
f83820e0-b35f-4714-b9cb-5b8013803ad9,rgallery,
2f64b6dc-f6e5-4d16-8c48-21b2ed142b78,"gondyleroy,scolina,nyuan",
61ec60ef-4033-48a8-ae10-920aa8d8a725,"barton,fdmartin",
2c8870ce-8bc4-43e1-a81a-8be2e4324527,"emcmahon,cokinos,gmgarfin",
f42f7128-9e1a-4d11-82e5-19c61693fd49,jory,
4f27657b-3da5-49fa-9643-3f0db849ad87,cristinaramirez,
d6036fdd-0438-458d-9b05-d9c36362c71f,"ericlyons,fionamcc,nirav",
b654e369-6637-445a-82b7-2844d6098bbb,"segrin,tbadger",
bcf4e140-b593-49b2-a597-6afe81329ae8,helm,
fdb7e5de-9206-4e3a-8a05-1194eefbe6ce,"jesselittle,faselh",
4a122f74-517b-41ed-b1c1-d4675f540da9,erschaue,
10f229bf-202a-4049-9477-6c2633f66839,valacich,
b2de184f-7b3e-4e0c-8d70-e33cba51843f,jburgess,
738fab4e-efab-4827-a116-00d68d4e3bd2,benquist,
357cd2f1-38e9-49d8-904f-379cf270a334,leroy,
ce62415b-86d2-47ae-929a-318196e34338,mosesthompson,
64203057-a524-421e-8e06-ba08f07ca137,albert,
80758f67-ed0d-44a3-aae4-793eb5e9f9dd,lauretta,
6dec9c9b-aaaa-4ed5-a278-ea8380872b3c,dglicken,
77373690-466f-4443-986e-a1c555934ec7,tzega,
e7362adb-7429-4966-aac1-d58547ea9168,jenkinsj,
3f094af2-55bc-4f33-bd3b-1f3ddf1413c1,esparks,
6d3e61d4-a667-4111-8acb-4014ee9c176d,"scornell,mjorgens,timechej",
0f5d9b26-f83f-49e0-a68c-eb2d38393861,rb0,reiners
75412e84-2547-4a08-8a4c-a852256e1ab2,lantz,
9813a66b-171c-42e5-9fdb-4089e710a826,nadja,
e9a465c5-60fc-474e-8b82-d8c9e54ba5df,jesst,reiners
286c84a2-98d5-41b5-93c5-88950610b816,hilgert,
51678ab2-5aaf-4caf-b548-e3ccb59e1327,"spherule,lfshubit",
5b4ba325-d95e-4287-80ad-8d2e472d9bb6,arlieadkins,
d5b512ea-638b-406c-bd6e-3345baaba028,apai,
30681cfd-118f-4212-b3a4-68cbb579d661,jam1,skoenig
e09cfc3f-44fb-43e4-ac75-02e90e44b10a,jesst,
f324f6b9-b665-4aa4-9b8c-cb44b260cb77,"donato,selmin",
fbafdd11-dbdb-42e7-884c-9015d4dd4d86,jimfield,"rmaier,mpoulton"
b93c430b-d0ee-4a4c-b065-1e03250817df,"oschilke,reimann",
e2378edd-9a96-48e2-ae2d-f2104ee33086,"ericlyons,fionamcc",
1afab32c-1093-4fb1-9758-ee1082175cdc,aclassen,
1d4fdca1-4192-4cc6-a010-c07f55f2ce98,lebed,
d6e81d12-62f2-4a4a-9baf-efc9914a9c6d,dlemoine,
564b8015-cfa5-4d10-be7b-6cad20f082c8,"wildnerb,dgtraut,awelter",compitel
30413010-4599-420d-a349-09c5d421a39c,"robertof,giacomel,tswindle",
4648c9c1-cbaa-46a2-a724-3cba5e1419a1,skipgarcia,
3ebf253b-7a77-4ba7-87cc-c275f94aae8d,"rsierra,jimfield",
18d05382-a24b-451c-943b-2bb19bbf0676,"jpjones,swanberg,mstiner",
9e43e40b-5654-4533-b0f4-809d8ccc1fce,"jpjones,wildnerb,jruiz,jory",
9a431653-2e3f-4328-81f8-8911b98b92ee,"claytonm,msurdeanu,rgutenk,guangyao",
45056008-458a-43b0-953e-b29484633186,"mperfect,wfink",
4bb53ffa-eee2-40e0-b973-9ecc1e718f9c,lauretta,
ec2bd487-3a89-4811-bbdb-087bc383ad2a,rvalerdi,
956f4dbe-f3f3-4a8b-8e6f-87c7e7834cfa,mfitch,
b123eeae-b315-4f3a-8a92-ef6c702a5bf0,"jphurh,medovoi",
464af5a5-3042-4754-aadb-36e994758966,"lclose,angelj,jruiz",
6bbc4d58-d099-4950-bc69-c42cd830b338,kortenka,
2cec694c-370f-443a-ae9e-68b4d0ed03f2,liverman,
90640e7d-3719-4ae0-af92-e887172bc835,"daustin,jpjones",
91d12e2b-a085-4ea5-8cac-cd582f68c5a7,"jennylee,ronmarx,kfbegay",
4d1fbdc8-6648-4f87-9b2f-822867533999,daustin,
f90e8dce-aada-4c2d-9db9-6b4169e8ef03,rreineke,
0dae9dcb-2709-41af-bf41-c4c3c43430dc,"trouet,sbelmecheri,babst",
67c7b437-290a-49ab-9027-68f141043868,gpnabhan,
6c2edecd-593a-4f76-8868-5158672ed80f,"liverman,comrie",
32c4b402-cdfc-4215-af0c-0672de0f5d21,teskeja,
c3f093b1-8da2-48b2-87aa-6426cadda43b,vasic,
95ee4d4a-193e-4078-a231-bc2d207429ae,"kconrad,cuillier",
a9e2a77c-465e-4064-bcbb-2bbf4fea50d0,kwashing,
82fb6208-2afa-42c8-b81f-ae5f800d72aa,"nirav,bhurwitz",
63e1678f-483e-4522-ad87-0b0d5fa8f850,"ssutton,tteetor,brianmayer",
a75c4bc9-8840-493c-bf9d-afc7607e8fea,bhurwitz,
7903d661-d3ba-45fb-a521-7eb2e42d468b,jyyoon,
e6d0b69b-684d-4fd0-8484-d6631e3836af,,nofziger
03fd35e9-e2a5-468b-917a-d8c330b785ff,jvetter,
7250aadc-2d23-40ad-9389-0accd5b4e4ee,"pkapp,jdpellet,jrussell,pgoodman",
016c1097-a2ef-493e-80eb-e327d69180a3,esternberg,skipgarcia
eda47b7c-a85a-41e0-8984-eb190be60e57,"kevfitz,mclainj,hammink,jkorch",
adfbb0a9-c0b6-4e68-a0e7-cc1fbbbd0427,"sherib,boswortk",
a1fc2f20-ceb5-4b53-8d6f-07f487bae703,wfink,
6d5aa013-47b5-4b1c-8837-9c877549335b,"mverhougstraete,bright,reynolds",
bfd4b6f6-4bd9-4d38-a86c-f00289b0dabe,kflessa,
3c770e60-a44a-4120-9b84-d59c88bd04b0,segrin,
13043e3a-0676-49bf-99be-916671322fdd,"jager,mjorgens",
354dda75-4200-4027-9148-b363403a68df,tes,
23df5668-085e-4420-802f-49c8ce9434e0,"jesselittle,ivan,wygy",jwjacobs
b1455aaf-cceb-44c1-a31c-1bbca5128218,pkiela,
95a76126-3337-47ad-8376-130f6b33140a,dlemoine,
ed76290c-1e50-4d4f-825e-b78bccbe32ac,hxin,
c7fd43cb-4bf3-4ecd-b7a0-f3415c8e5a71,enikov,douglash
08e073bd-a4ac-48af-988a-24ebab50f88e,ericlyons,mbeilstein
e06652b1-4f84-4d0f-a4a8-451f87a6c50f,"jimfield,kchief,rmaier,gailheath,pbeamer,ealutz",
6d6e8239-e0d4-4a26-a36f-6ddfe7d43665,cyd,
e857a452-6b1d-435b-9cd3-a4f59e4c366d,"barman,ktmorz",
dfc174bc-6c19-4fc7-b282-c5e955fbfd63,ofelia,jpjones
9672fa89-ec34-4b77-930b-0945e9aa8513,lauretta,
e18d0200-9dc7-4605-a64b-277ff6d99aec,cjfarrar,
2149fcc0-f7e4-4e24-8e13-97750836dc31,"vmeyer,scottzimmer",
e72ea16e-5606-4f7e-a5df-d87ef657e42e,lauretta,
cdbff43a-026a-4ccb-8446-261504546319,mfh,
e5c0b60e-e40b-4fd4-be17-22a0984cb81d,jrmales,
61cef865-7fda-44fe-a808-550fe12c5001,kjsc,echeu
d06f1a3e-527c-46e7-b3ff-d7352c881bb8,"cjfarrar,millero",
6f81ce4e-759e-42ac-a23c-ea38047011c7,"steklis,nsteklis,barnettm",
35dc00a2-b409-44ae-86ea-74a9da2a01e3,"fdmartin,donata",
bfdb2084-0658-4070-8549-de29a7af873d,"skuhn,clpearson,hasakie,quadej,mstiner,rtouchan,dmeko,trouet",
495530ef-5054-414f-baaf-8ce63f5a289d,coreyabramson,
b34d832a-39cf-402d-b6af-af76e2b23ead,wondrak,
a5c11dcd-77b7-40e0-b94f-7270540e2200,smegdal,ofelia
46bdbde4-653e-4bf6-8dea-7baabefc5c0a,sghong,
dedcdcb8-0a33-440d-95e4-dac4ff77e73d,kdlugosch,
5e6943e4-4fc6-448e-b0c5-af3958d635bf,sbarra,
5e0d63be-93ab-4ca5-90b7-3792d551f1c9,vkligon,
df8f0e84-b310-4c85-b8c4-391f224e8f86,"cuelloj,kevfitz,buizer,akrumt",
1b63a0f4-a8f0-42a7-aa76-9f503b1789a7,podsakof,
992c5a54-3bbe-496c-b447-abafd073f68d,"slbeck,decelles,pkapp",
5ca2848d-4ba3-401e-ac2b-16b56722d1ea,vmeyer,
4566089e-c141-439f-99f3-a37d732a0618,"jhunter2,grahama,sjorstad",
994eb9c6-26d9-4d14-bd60-c4bef4ae482d,"rit,mrieke,angelj,angelj,rgreen,grieke,cimpey,buelljannuzi,dpstark",
a2369a05-ecc2-4abb-8662-28fbe722906d,dmarrone,
e84d5500-9313-4610-a6fc-bae31447d0a2,tmeier,"cimpey,liverman"
3206584a-a0c0-4525-8721-1c86693b3793,cveillet,
3271ee56-50a5-4c55-a81a-1c6c7454084e,"apai,tzega",
baaaae89-7f91-4313-9bf6-ab50108e2e1d,heidorn,jpjones
7ef6b6d6-c3ef-48e5-84bf-ea6019e15165,"tsanchez,jbowens",
7329953a-8075-483f-a139-3dcd9c6be1cc,tswindle,
cb7c9b3a-ebae-428b-9f80-5da3c8a308d0,"kimmehea,bottai",ggibbs
fa2d8528-881e-4c47-b48b-6686404af657,"vmoses,ajhilton,ilpike,baro,alvarezm,finan",daustin
dd7ca4df-a749-44cc-ba46-cb07e6d2e50e,brianmayer,
11d84d32-7156-4227-b9b0-bad9e50ed1ec,pmilne,
8c7a531f-5cce-47a1-ab57-aa538905efc8,"emcmahon,daveb",
f7a3c7cd-4762-4bed-a100-389c23c74257,"mmars,judieb",
8852711b-147a-4f9a-8d68-146778ae035b,vmoses,"mlbrown,carnie"
65589a39-85c1-46bd-8e79-33da0ed0ee5f,jkcunnin,
7a0f3600-1ac3-4643-85dd-eb76a94cc839,"kblack,brentg,dmorden",
8882dcde-7a1f-4dff-8c35-ee4554f50041,nnp,
c2889fa2-124e-415e-a618-5068203d50fe,erstad,
16c9287d-fcd7-478b-8cbd-2c881559ea9c,"fetax,kjsc","gburd,njardars"
5fa6fd17-554d-4334-a953-1985a4d96aac,myellowhair,
ea06e346-a92e-40ff-b183-b5bd4fc2bdb2,rad3,
4051e1c9-7428-433b-8329-d7887e77b64f,fishback,
402edf1e-39ed-4c00-8ce6-726f46987b87,"hoopes,hariri,breiger",
c4867d82-5069-4047-aa73-6bd1afd36c3b,noamchomsky,"jpjones,karimi,dba,hharley,carnie"
ae3600c1-2ac2-4805-bf07-2dee7b386314,yin,
7625a5f0-1ab2-480b-a8ab-2710151b0551,mfoconnor,
5519b55a-6cd9-4b36-8091-93b1a8f03cac,mapeters,
016cea03-5d2e-484b-814d-d718c8c718ec,"vthollid,ecblake,ilpike,zhangq1,bmills,stecot,baro",daustin
6402ed61-bc98-4dda-bf19-af8046ffd0f4,apai,
e29bbcee-dd44-4d5f-98d1-1646806b3d54,eprather,"gburd,blowers,kjsc"
a49cb39d-0f2a-4bd3-a84d-dffcf9f215f0,"pascucci,apai",
038f2543-04bb-4f8d-978f-002f0a08ef67,bsecking,
4fb99e1f-bf8a-432b-963f-45212a862a40,schmidtz,jpjones
5b1e5e0a-f3e8-4ce2-b862-846917adb675,"lauretta,benquist,dornhaus,tswindle,lclose,cimpey",
43345ccf-fb5a-4067-bfb7-8c7155d898ae,ycarrier,
c64a92ea-5493-43a6-834f-89a9c95db372,donato,
2615f14d-d43e-432e-96a0-3378278d76d3,barman,
b65ef961-1f94-4016-8408-1f91b14730bb,"sydneyp,gondyleroy",
0b65f09d-88d6-480a-b52e-a40187722ad4,,debray
7985cf3e-6569-41f6-8d82-54112a17d4cd,"emash,pkiela",
f0a77bc9-3f24-4462-9c6d-5ff95bbf0c19,eprather,"gburd,brucej,cimpey"
c7385842-dad1-4801-91c9-b11eb3261ded,apai,
b0b17d3a-08ee-4052-b406-d2db03dd805f,,"hschau,jschatzb"
d6fb6e5d-c99b-45dd-981e-96563517cc21,mrieke,
4aa18b0d-2fd1-4088-9528-ea827be41900,kflessa,
c44367d9-3fef-4fca-8c06-36869b06b5f2,angelj,"buelljannuzi,jruiz"
03c5c7b7-e9e6-42e3-94f2-6c5fb8632949,holmgren,
e84ab675-e985-4d4e-bac5-60affc5a890a,flybrain,
c588b584-340a-41a0-aacf-cca8ebb69fa1,bruceburgess,
325580bd-b39c-47e2-8748-aa26f6a71bf5,ghammond,
efb99e0e-f9b3-43d3-a670-8745052c638a,brianmayer,
488628d0-9990-4d29-af8c-958d590df46b,plyons,
af1fb0e5-726a-4033-b28f-196ce7b83f47,skipgarcia,
24386c75-9a69-4d29-8120-bc2c58eace86,"anneb,warnerc,bdupuy",sclucas
07ab00f5-6366-42e3-974f-8dc8e4276f3d,ericlyons,
83bf3f46-1d2b-498c-89e0-135a9b2a30d4,pebrodsk,ronmarx
f3e6b7fd-d09a-49b8-a4f2-c0132e0f77e1,,"emcmahon,liverman,lauretta"
7b0cb8f9-633c-4973-a2a9-4714b99abf11,ginamacaluso,
976e4a50-e99c-495b-8746-decf8baf0506,tquist,
be6c0f3a-33a3-4915-9c58-b81e597452d9,"krunz,llazos",
1b348c01-69fa-4e89-af64-349d2094a1e5,"gleonard,baker,robertof,robertof",
c4201126-ed27-4bb4-bcca-2096a8502ed0,"mmomayez,krishna,ealutz",
de29d46f-bead-4c4d-a936-7afd2d39d186,"chanc,dpsaltis,fozel,dmarrone",
80729da0-613c-4e7d-b2cf-01bce3317e01,ghodgins,
04048711-ef68-41ad-9707-f93cf5a0ffdb,jedgin,
b26320e2-5bed-4c70-bc87-38c10eaef4c1,myellowhair,
a4ecd6e5-f48b-4512-80c6-1369694a5505,"buelljannuzi,rgreen",
b2e5406e-1d34-410b-8f66-853a33c34ace,wmoore,
733678ac-39ee-4bbc-bb55-86a167cccdb9,gburd,"comrie,jpollard,blowers"
f97c80cb-d8d4-4462-910d-59ce1e9a642b,"rudymc,grhoades",ncabrera
defb0a37-38dd-4628-8f27-d6fbb1a395c1,lauralh,
c55b0172-cf81-4175-8bec-69289c597710,ronmarx,
6232f8a7-1cec-47ed-bfd5-16d162bd265e,"ander,kbernheimer","medovoi,cokinos"
947acc6b-1aeb-46d6-9dc2-b125faafb653,msbarker,
4e34ab46-9465-402f-b48e-105161070dba,saleska,
7eaba3b5-5fe3-4eca-baf2-7ef9e3852bf8,reginad1,
2d74826f-77fe-4cfa-83e3-6dceed74a07c,"emcmahon,gmgarfin,daveb,bmw99",
8bafd6fa-21fd-4402-a093-9871fec1cbc9,smegdal,
b091f9cd-3e48-4776-9700-90d81de5f718,georgiac,
2cdfe28d-7728-4cf9-9e1b-9de0a895a82d,dbeyda,
4deba79d-4ad9-465c-9128-100bff412e14,buelljannuzi,"mlesser,angelj"
7082a541-c33e-4137-b2dd-c85b64a8422e,juhrlaub,
c6c6713f-1bbc-4e29-a756-76ff3aff576c,ealutz,jburgess
83f362ae-6177-420a-889a-e6443ed0283a,wtn,
6c8bf912-0c50-4aa2-9d9b-df39d168f444,statenm,
91d921e3-d7ce-4d6e-ac0d-f312b19cbc5a,rwing,
22118b25-685b-4b7b-9926-2a0e2e473151,lgerald,
f8a66e42-8578-4b09-a23d-7ffcc72b3eef,benquist,
c12b94fe-ff34-4a18-9861-74de5d88cf40,sbarra,
c0411726-56d2-4140-a711-409ed39d7d4f,flybrain,
d0e2ff10-11f4-407f-8307-91e2ecd8d4fb,vthollid,
d7ce620a-0628-4833-8211-76276f2795b1,gpivo,
f69226d8-822c-4ae4-b484-3363a1d6c262,ofelia,"barton,jpjones,kfbegay,rltrosper"
f2dfdb49-f7dc-426e-ae53-f4088946dac9,arlieadkins,
80b3870d-f7d8-477b-9f6c-795dcd79b5ae,sprinkjm,
f83d8cf6-e368-4c20-8f6e-d566fd54baf5,"fozel,dpsaltis",
3c7ca4d2-ae3d-4b34-a747-899e1bddf7fe,ackerley,
622ce022-a085-4f86-abfc-325a06870c87,"judithg,hinglem",
95d0c59b-5c48-44e1-bebb-0cfb2bc8a306,"lxc,ycarrier",
20fc4425-9e8a-4b65-b22a-d95161158667,"ghosh,fetax",
e44f5a4c-182c-45b1-bd5d-95e6216603c5,,skipgarcia
11974c32-9476-4b8f-a84b-0ecb69e0a7bc,"erschaue,cockrell",
a664234c-3354-432a-8d80-342984c8c6e5,giacomel,cuelloj
9d5114e8-390f-404f-bb7c-9de014ee4eb9,"jacobsk,daveb,buizer,comrie,liverman,mvasquez",
56c578c2-167a-42bf-801d-877a48df60b7,lauretta,
bcb47de9-2d2b-4cfb-b672-2efad63bbb2b,pnr,
ba172c5b-c5ff-4219-ac9c-2f3f2c63b026,adhenry,
e7a3a5de-f5fe-4293-a2ad-720f13c8a722,skipgarcia,rcn1
f55487da-c589-48c4-9558-c7487e90eb90,flybrain,
c5f31387-9b7d-4c2d-a033-21e2847de9e0,mstiner,
00667127-5449-49c0-b523-f2d4145cf7eb,dhgouge,
1eb96379-1962-41df-9ab7-8fc2173b25a4,"mesmer,bryancarter",
0a932ddc-0d40-4152-856f-15fa24d781dc,wygy,
b95bdb19-7516-4fdc-9ef7-6836f6dc2403,jhildebr,
b4a58910-bed1-4b7a-887b-b626bf1b25ab,lhowery,
4daaefae-75ba-455f-9ba2-9d686a1ca7c9,"pembertn,rmaier,polt,slepian,rts,debray,sprinkjm",
f05a2b53-e025-4600-8149-01710b423d0a,,skipgarcia
1518f006-327e-4a69-b972-e7d6922dfe5a,"knox,fgoodrum","nikolich,fdmartin"
8f9e33d8-4617-4129-a4dc-fec598690e9b,jlsa,
5c7589d5-82af-48e5-b490-bd7ce1794e1d,cwaite,
ae04043f-9cb9-4846-9f0e-263361a7bcd3,jhildebr,
5e1b6048-e410-48b1-b1d2-0f181a7e6cae,"bright,flybrain,llr",
1584325f-00cd-4ceb-8dbd-2530d8e062d7,srw,
43ad294e-2c91-48b3-aaad-532705cb08f3,hameroff,
7b0e2b06-32bf-4343-9809-88812c227de0,hameroff,
b1eb241b-ed37-4db5-8021-5f08f7368c8e,"stofflec,rstoffle,rbjeffer",
209f888c-163d-4450-8922-0753dd779034,esternberg,wildnerb
cf612ad8-95e4-4ef4-a759-c301154ffa80,buelljannuzi,
9e31338f-29f3-4472-98cf-097db77bb2ad,,plyons
65a1ecb9-4314-4481-a871-228a8c026a13,"nra,better,sreel",comrie
979dbc9d-a61d-480e-a9bb-1b9b2f788240,"flybrain,llr",
4235c401-55fa-4c43-907b-723bd4494f4a,worobey,
0eca1014-2161-4489-aec3-9255ce29fad3,worobey,
1afc88fa-8b8e-4168-944b-a746122a7663,jrelly,cuillier
74ad2192-50a8-4793-8d70-1a3c60958b24,bright,
a9eb5af0-6e9b-47e1-9c62-afd41e8d7452,"alvarezm,duran,raorozco",
514c0211-5bed-40ca-8e5d-91f0a0891104,lauretta,
c26f56c9-e55f-4df8-bfb5-5c1a1f7585bc,brduncan,
bb994595-5069-4711-9b6a-8d57fd0f05b4,"jacobsk,liverman",
7d68d305-2f6e-4572-8227-972ab6958849,"spartha1,squan,stefano,thaynes",
989ee991-025d-46ea-a26c-93c0c7586530,lauretta,
9a569ed0-f867-4e4a-b641-38b2da77018c,nikolich,
a0311b29-c679-461c-9ae9-c68d5a9fe3e3,hschau,
73c91cd7-cf8a-4136-bcb6-c1686d9e2857,ealutz,
d53f8df4-ffd9-4a89-8a77-97afd47cc230,"hameroff,segrin,wfink",
bfb9c638-c43a-4c58-adc3-fb6a33da2412,lziurys,
4fd65f96-88dd-448a-8fa6-1606a10f9041,"ericlyons,rwing",
ecf29ad2-69a1-4743-b31c-94ef5dff349e,sreel,
d220cfc8-8b44-4f57-98ea-1308e3355029,"kece,rts",
bc7d2e3f-748c-4a68-8a0a-840145014559,kfbegay,
03ae5fc9-e0f7-4c66-90c4-aadd2dc77963,bfane,
85bbc409-b7dc-4f0c-a53f-f7e853e5db37,"comrie,sreel",
4303b8be-028b-496f-b2fd-99e6f0783bbd,wiensj,
37cc8b8f-6d71-4071-9c9f-363bfaeb556b,rsierra,
35afcbf9-d8fa-41dd-86b9-590a55c3588c,"swolf22,jeff,swhite",
6181f294-2a2c-4501-9a6f-75589aaf878f,vanderah,
3c49a85c-fdc4-4187-a0ab-887bf0b10684,lauretta,
957e77db-be0a-4988-8a83-228e3d1c3d6a,"sanguine,mapeters,jallen",
cfdb8d24-405b-4395-97f3-8715554b6647,jhh,
921d6447-910f-4f5e-9f23-7e2390abb259,cvolk,
2984f49e-a4fa-4504-be1e-aff5caa870b8,srains,
8d4194e6-4d5e-4e6a-a3d4-f3ae3b2b9883,hwh,
06f0b745-62ab-482b-8d1c-160b85ec65e8,,"suek,bennett"
28f670c3-7120-46af-9d7e-e3267e058db2,"milward,breiger,llazos",
680cc55a-5aee-4e4e-8880-cde1772d4b0a,"liverman,daustin",
5b5fe336-2da8-4592-9485-6f5586cdc058,brianmayer,
c88affbd-1520-4851-b30d-1c4998f70bff,wfink,
a6af582f-2b46-45fe-9379-69a8f0c287e2,nmarrone,
81e38982-dcee-4f15-8865-00c2b6376a1d,duran,
aa7d87ad-283d-4130-838b-2223af43203d,gpnabhan,
b41adc68-cea1-4e77-8559-1ff14cab6ad3,bcolombi,
4a65b811-7dbc-42fe-a6db-e1290b90901f,"debray,rts",douglash
cd345a28-6a51-4074-8dbe-05605bf5372f,rdowns,
6dbe199d-dd67-4569-bd4b-dbc9fefd789d,masel,
dc376a48-f3d1-4d78-a931-c7b68a390f1e,mollyhunter,
617c59c7-d77b-43d1-a7b1-be76baaab90e,"cohen,madenci,alshaibi",brentwhite
0524fa9c-bcf2-4611-ad03-b9f474875e00,,crimmins
124b1991-c939-498a-a022-b9adef1e3529,reimann,
91ba3aec-0b93-43ab-b10a-71a174af6274,madenci,
b0839c51-0bc9-4ed6-9755-25e3df6c514e,jtardiff,
e22af479-e1e9-4a5b-98ae-8b77fa7f8cfc,"liyue,pchesson",
c7b0e288-5d93-4f99-b842-1b0a10138c03,ltomasa,
b9054487-334d-4ed2-b41a-d493cc400393,travisdumont,
f40b863c-ad94-475b-a1d6-a2de4051d863,saleska,
f9478615-414b-4611-884a-12c43ba15e9b,jburgess,
1f6ff9b4-dc97-4240-aa62-cea6af731f88,jjillrogers,
cb50483e-2f7a-454c-897d-2299250e1c21,"ericlyons,nirav",fdmartin
eec976f0-6393-413e-a889-5bf2f1cc74f9,heidibrown,
1df3e6f5-ae9d-45fb-8f44-73db94f555b9,jbricca,
254c4459-978d-47ce-857d-b25cbf7dbf2f,"pgoes,hariri,mpatton,breiger",
19893dfa-116c-426e-ac58-e16da6fae2ef,"cohen,jdpellet,jrussell,yin",
3ec10ab1-473b-448b-b656-dad2464e8845,kfbegay,
32a58074-14e7-47c1-9e9f-7c874127ec27,"wmoore,wehall",
b7fbb91c-c66e-41a5-adf8-55a8338a2e04,"tbose,krunz",
9f6f5373-32a8-4315-a5d0-4a7cde2c3503,cuillier,
0a2cbd7a-29d5-48ee-89ae-7ea60a7374b7,comrie,
7afb6c80-646e-4c9c-a531-856a1aa61fa3,skyler,
8f75d40a-9500-416a-a0d8-c8fdda295361,wmoore,
47d4c2cf-fd4b-405e-a09a-4c9dad78e654,sstevens,
ea0e33b1-ec9a-4076-948c-40711bb9b770,saraparker,
95a71a91-ed4a-450a-b1f6-6e521f14e960,collberg,
7f598abc-5fe4-42cb-b496-d1611144b53d,labinerd,
46e97911-a5a8-4eac-9cf9-1eb3f9aa9a1a,rtorres1,
e0bd1797-fd5d-4397-b61e-add7c43a3706,brentwhite,
8fe2d839-a4fb-4160-944a-8e8235b0d93c,ofelia,karimi
2de91a89-6891-4575-9f58-916183b719af,"eeggers,brooksh",
8050f273-383a-48b9-9546-37e3196780fd,benquist,
cd0dd2a4-9c18-4eca-aa10-41337828dd1a,"neifeld,ivan",
5ea83bf5-3559-477b-86f0-6994037a4aa5,"frankp,polt,edita",
d98d2b6c-223e-4a46-b138-c1ab307efbc3,"mrieke,grieke",mccarthd
42e8c6fe-f174-4a82-91f5-9b5290567201,mrieke,
7f225ff6-3fdb-4ef8-911a-91c61918aea8,fgoodrum,
8090a874-688d-4b27-8568-0f4514926471,mehl,
9f26eafd-b13a-4979-a737-b72b688b90c9,"hxu,mhalpern,pkiela",
a8488154-b5a5-466e-a824-8651bf0f829b,cschwalbe,
9bfbfb00-6636-4243-a548-aa6ab6acab38,rdowns,
cee78245-aac2-430e-a161-ac91f5c71b38,sprinkjm,
a29ac736-72c0-4e88-bcf6-8ca98c9f220d,lauretta,tswindle
2eb977d3-4e17-46ec-8237-241e4a447cda,skipgarcia,
b5d6d134-5cd2-460c-973e-b13186431fae,"vicente,gburd,elfring",
48044fce-604d-4be3-9d14-a829594c5a41,eabutler,
fc632b94-9b4d-424e-acbd-f12c9ab54fbc,michod,
213f7364-36d7-496f-a7a9-371bd948314d,hschau,
e047ccc1-5666-40d9-b8c7-2f745f95186b,going,
f43f3e5d-68b4-410b-b14a-0c52fd93bc9f,"brentwhite,janez",
7880d440-a7bb-465e-85c3-b594adf41038,jbonito,
c7ae9509-b2fe-40a6-a37d-911b16114fc6,brianmayer,
fa830a84-c615-4877-aa6b-b3de5c7c74a4,granzier,
749de134-c1f6-4639-b79e-31c36268180e,"granzier,tdoetsch,gregorio",
835cb0c0-127c-4cb7-971f-7783cdb54c46,bmpryor,
b24531a6-b0c2-42d0-ba11-7cfcc2bb7bc0,sklotz,
2c7164d4-bcf6-4687-b326-dc2a897f19d0,ycarrier,
e07e8e6e-4d8a-454a-8607-59777177aeb3,akoshy,labinerd
16375eaa-f82e-419b-a39a-0cb6433cf6d8,statenm,
c3803aee-5b05-4464-af40-2f8c1280c106,ltomasa,
1fe3f809-c0f9-4042-bd3a-c2ab6ceffe20,rreineke,
58eaace6-0441-4c7f-8583-b41e12b77971,lauretta,
7950ad21-65b2-4544-bd4b-8153831dc131,hren,
08eaa4fd-0b22-471f-b0cd-16b430da913c,tswetnam,spchavar
31852ae0-4693-472b-898b-02e17449174d,ericlyons,
6ac26474-d875-497d-85d1-f1fa80fd5e50,dtray,
70ccb6cc-d19f-4a44-aaad-ffc654e638c9,"emherman,monicaschmidt",
7f54da95-ef1d-4280-b6a0-ec18be74fe13,smegdal,
f458ad4b-02df-482a-a852-e3d6d86ba896,"mfh,llr",
f6bf3955-972f-4c29-9387-c8492513cacc,sstevens,
29c7e9dc-a63b-4069-b98f-4f18c0a411ad,malusa,
211df271-ba03-4748-bc23-196999583988,"gmgarfin,heidibrown,kchief,frisvold,cgreene,liverman,jrussell,mwilder","comrie,liverman"
eb26feb1-754e-499b-9b41-8f2d5790c9fd,"macurran,eabutler",
0d2d367e-3f56-4b35-a3b0-a002b40e9df1,spikep,
3a49850e-b876-4f64-a01c-bfdadf64a72d,taren,
436e8783-5f81-4330-9968-101cdd5791b1,flybrain,